Long,LAT,row,column,trial,Plot,Rep,SubBlock,Entry,Germ,Yield,GNDVI_March10,GNDVI_March15,GNDVI_April8,UAS_Height
-109.9261159,27.38209481,2,1,adv. EYTBW5IR 06,690,3,6,606,90,7.33482118,0.48574585,0.44710203,0.39032818,110
-109.9261321,27.38209481,2,2,adv. EYTBW5IR 06,689,3,6,611,90,6.58035733,0.508263,0.47507985,0.39537808,106
-109.9261484,27.38209481,2,3,adv. EYTBW5IR 06,688,3,6,629,85,7.64285787,0.50378285,0.49200949,0.41294701,114
-109.9261647,27.38209481,2,4,adv. EYTBW5IR 06,687,3,6,622,80,6.88392966,0.5051999,0.48900924,0.40537584,117
-109.9261809,27.38209481,2,5,adv. EYTBW5IR 06,686,3,6,601,80,8.1428573,0.50862932,0.46534711,0.4038665,104
-109.9261972,27.3820948,2,6,adv. EYTBW5IR 06,685,3,5,610,90,7.0892863,0.51434979,0.46354199,0.39427533,109
-109.9262135,27.3820948,2,7,adv. EYTBW5IR 06,684,3,5,627,90,7.85267981,0.53272612,0.47962261,0.42520432,104
-109.9262298,27.3820948,2,8,adv. EYTBW5IR 06,683,3,5,616,85,6.44866148,0.52077049,0.46039157,0.4056658,114
-109.926246,27.3820948,2,9,adv. EYTBW5IR 06,682,3,5,605,90,6.84821415,0.49748339,0.43720623,0.40240288,116
-109.9262623,27.3820948,2,10,adv. EYTBW5IR 06,681,3,5,609,80,7.75446427,0.48270471,0.42696598,0.37794937,113
-109.9262786,27.3820948,2,11,adv. EYTBW5IR 06,680,3,4,603,90,7.2187509,0.5035072,0.44644134,0.39677948,114
-109.9262948,27.3820948,2,12,adv. EYTBW5IR 06,679,3,4,626,90,7.94196478,0.49891968,0.43211204,0.40961779,111
-109.9263111,27.3820948,2,13,adv. EYTBW5IR 06,678,3,4,619,90,7.00000057,0.49910979,0.43881073,0.40821055,107
-109.9263274,27.3820948,2,14,adv. EYTBW5IR 06,677,3,4,612,75,7.03125036,0.48915999,0.43245931,0.40068666,108
-109.9263437,27.3820948,2,15,adv. EYTBW5IR 06,676,3,4,623,70,8.05357169,0.4952234,0.45304163,0.40615486,110
-109.9263599,27.3820948,2,16,adv.EYTBW5IR 07,715,1,3,715,95,6.96875043,0.5081072,0.46693123,0.42226551,116
-109.9263762,27.3820948,2,17,adv.EYTBW5IR 07,714,1,3,714,90,7.2187504,0.50909501,0.45518515,0.43367324,107
-109.9263925,27.3820948,2,18,adv.EYTBW5IR 07,713,1,3,713,80,6.91071437,0.49962488,0.42030457,0.41854938,110
-109.9264087,27.3820948,2,19,adv.EYTBW5IR 07,712,1,3,712,85,6.75892934,0.50400812,0.42301535,0.42157521,110
-109.926425,27.3820948,2,20,adv.EYTBW5IR 07,711,1,3,711,90,7.33482131,0.50975652,0.42160854,0.42211954,107
-109.9264413,27.3820948,2,21,adv.EYTBW5IR 07,710,1,2,710,85,6.78125028,0.50821484,0.42191278,0.42187679,105
-109.9264576,27.38209479,2,22,adv.EYTBW5IR 07,709,1,2,709,95,7.74553625,0.5123109,0.44346487,0.42958341,105
-109.9264738,27.38209479,2,23,adv.EYTBW5IR 07,708,1,2,708,95,6.86607122,0.49954834,0.41266211,0.39264441,109
-109.9264901,27.38209479,2,24,adv.EYTBW5IR 07,707,1,2,707,90,6.76339319,0.50650024,0.40178899,0.39783649,108
-109.9265064,27.38209479,2,25,adv.EYTBW5IR 07,706,1,2,706,85,7.33928616,0.51244263,0.41443258,0.40853338,112
-109.9265226,27.38209479,2,26,adv.EYTBW5IR 07,705,1,1,705,95,7.93303613,0.50519969,0.41582438,0.40033439,114
-109.9265389,27.38209479,2,27,adv.EYTBW5IR 07,704,1,1,704,95,7.9821431,0.50063607,0.4269488,0.39639438,105
-109.9265552,27.38209479,2,28,adv.EYTBW5IR 07,703,1,1,703,95,7.4553577,0.49482126,0.41329881,0.38925288,107
-109.9265715,27.38209479,2,29,adv.EYTBW5IR 07,702,1,1,702,75,7.4464294,0.51222671,0.4559572,0.40460553,112
-109.9265877,27.38209479,2,30,adv.EYTBW5IR 07,701,1,1,701,90,7.7098211,0.51102655,0.40994639,0.39036613,112
-109.926116,27.38212685,3,1,adv. EYTBW5IR 06,661,3,1,614,90,7.42410742,0.48944648,0.46170444,0.39954921,110
-109.9261322,27.38212685,3,2,adv. EYTBW5IR 06,662,3,1,607,85,7.21875021,0.49529888,0.44886773,0.40520371,105
-109.9261485,27.38212685,3,3,adv. EYTBW5IR 06,663,3,1,613,90,7.45089339,0.48919109,0.44881552,0.39525323,110
-109.9261648,27.38212684,3,4,adv. EYTBW5IR 06,664,3,1,602,90,6.9464296,0.50417385,0.46974498,0.41237495,103
-109.9261811,27.38212684,3,5,adv. EYTBW5IR 06,665,3,1,620,85,6.9642866,0.51341756,0.47082223,0.43458976,112
-109.9261973,27.38212684,3,6,adv. EYTBW5IR 06,666,3,2,608,90,6.90178624,0.48969673,0.44939041,0.3949423,112
-109.9262136,27.38212684,3,7,adv. EYTBW5IR 06,667,3,2,617,70,7.18750051,0.50615185,0.47318461,0.39582698,114
-109.9262299,27.38212684,3,8,adv. EYTBW5IR 06,668,3,2,621,90,7.05803663,0.49507903,0.43019044,0.41015559,107
-109.9262461,27.38212684,3,9,adv. EYTBW5IR 06,669,3,2,604,90,7.30357112,0.48696358,0.4377176,0.39442944,110
-109.9262624,27.38212684,3,10,adv. EYTBW5IR 06,670,3,2,615,90,7.30803645,0.48053738,0.41428131,0.39583793,110
-109.9262787,27.38212684,3,11,adv. EYTBW5IR 06,671,3,3,624,80,7.93750072,0.4833957,0.43949065,0.4154147,113
-109.926295,27.38212684,3,12,adv. EYTBW5IR 06,672,3,3,628,80,8.03571484,0.48619267,0.42309375,0.40928102,122
-109.9263112,27.38212684,3,13,adv. EYTBW5IR 06,673,3,3,630,90,7.4910719,0.50096742,0.44201336,0.41819052,107
-109.9263275,27.38212684,3,14,adv. EYTBW5IR 06,674,3,3,625,90,7.78125075,0.50531828,0.44511508,0.41273354,122
-109.9263438,27.38212684,3,15,adv. EYTBW5IR 06,675,3,3,618,85,7.17857154,0.50192604,0.45930024,0.44317018,121
-109.92636,27.38212684,3,16,adv.EYTBW5IR 07,716,1,4,716,80,7.37946446,0.50334745,0.45591822,0.41636596,100
-109.9263763,27.38212684,3,17,adv.EYTBW5IR 07,717,1,4,717,80,7.11607149,0.51674675,0.4517859,0.43457224,107
-109.9263926,27.38212684,3,18,adv.EYTBW5IR 07,718,1,4,718,75,7.51339352,0.49505799,0.41301613,0.41206197,103
-109.9264089,27.38212684,3,19,adv.EYTBW5IR 07,719,1,4,719,75,6.86160755,0.4982295,0.4246804,0.41095278,110
-109.9264251,27.38212683,3,20,adv.EYTBW5IR 07,720,1,4,720,90,7.06696458,0.51357708,0.40884442,0.41438227,109
-109.9264414,27.38212683,3,21,adv.EYTBW5IR 07,721,1,5,721,80,7.00892961,0.50247399,0.42230076,0.40378672,101
-109.9264577,27.38212683,3,22,adv.EYTBW5IR 07,722,1,5,722,90,7.51339364,0.51788415,0.42754882,0.42831381,117
-109.9264739,27.38212683,3,23,adv.EYTBW5IR 07,723,1,5,723,95,6.96428667,0.49691785,0.41287092,0.35958659,103
-109.9264902,27.38212683,3,24,adv.EYTBW5IR 07,724,1,5,724,95,7.2500007,0.50331636,0.40145569,0.36398043,109
-109.9265065,27.38212683,3,25,adv.EYTBW5IR 07,725,1,5,725,85,7.62053673,0.47232175,0.39340249,0.35872727,103
-109.9265228,27.38212683,3,26,adv.EYTBW5IR 07,726,1,6,726,95,7.34821476,0.49384428,0.39435817,0.39111299,104
-109.926539,27.38212683,3,27,adv.EYTBW5IR 07,727,1,6,727,90,7.53125079,0.48570251,0.40499645,0.38338105,105
-109.9265553,27.38212683,3,28,adv.EYTBW5IR 07,728,1,6,728,90,7.44642982,0.46646882,0.39464259,0.36050203,108
-109.9265716,27.38212683,3,29,adv.EYTBW5IR 07,729,1,6,729,70,7.23660785,0.4676628,0.41372836,0.36936046,103
-109.9265878,27.38212683,3,30,adv.EYTBW5IR 07,730,1,6,730,95,6.63839388,0.52063552,0.43547515,0.41197811,100
-109.9261161,27.38215889,4,1,adv. EYTBW5IR 06,660,2,6,618,90,6.83928653,0.50205901,0.47319968,0.43029476,117
-109.9261324,27.38215888,4,2,adv. EYTBW5IR 06,659,2,6,624,80,7.25446471,0.48407896,0.44080161,0.41848915,102
-109.9261486,27.38215888,4,3,adv. EYTBW5IR 06,658,2,6,608,80,6.57589323,0.47360532,0.45405464,0.3903849,110
-109.9261649,27.38215888,4,4,adv. EYTBW5IR 06,657,2,6,630,80,6.96875089,0.49670393,0.45958504,0.42709994,112
-109.9261812,27.38215888,4,5,adv. EYTBW5IR 06,656,2,6,611,80,6.85267932,0.49553837,0.4625927,0.39505314,115
-109.9261974,27.38215888,4,6,adv. EYTBW5IR 06,655,2,5,609,80,7.50000026,0.48089256,0.43621967,0.39220554,113
-109.9262137,27.38215888,4,7,adv. EYTBW5IR 06,654,2,5,603,85,7.3392868,0.48690406,0.44276853,0.39941615,117
-109.92623,27.38215888,4,8,adv. EYTBW5IR 06,653,2,5,625,85,7.61160774,0.4969272,0.44579185,0.41076076,120
-109.9262463,27.38215888,4,9,adv. EYTBW5IR 06,652,2,5,620,85,7.01785759,0.49569573,0.46135138,0.44130072,118
-109.9262625,27.38215888,4,10,adv. EYTBW5IR 06,651,2,5,622,80,7.09375065,0.51230037,0.44865848,0.40161579,111
-109.9262788,27.38215888,4,11,adv. EYTBW5IR 06,650,2,4,629,85,7.92857186,0.4926151,0.43830021,0.42793832,103
-109.9262951,27.38215888,4,12,adv. EYTBW5IR 06,649,2,4,607,90,7.6741072,0.49919718,0.4201803,0.40107388,110
-109.9263113,27.38215888,4,13,adv. EYTBW5IR 06,648,2,4,601,85,7.4866072,0.518998,0.42796811,0.38922465,102
-109.9263276,27.38215888,4,14,adv. EYTBW5IR 06,647,2,4,619,75,6.87946456,0.50421599,0.40913971,0.41670616,114
-109.9263439,27.38215888,4,15,adv. EYTBW5IR 06,646,2,4,604,65,7.26339311,0.48551456,0.42956084,0.40277979,111
-109.9263602,27.38215888,4,16,adv.EYTBW5IR 07,745,2,3,726,80,7.31696477,0.49278775,0.41647657,0.39806288,113
-109.9263764,27.38215888,4,17,adv.EYTBW5IR 07,744,2,3,716,85,6.86160747,0.51276405,0.42516849,0.41164159,109
-109.9263927,27.38215888,4,18,adv.EYTBW5IR 07,743,2,3,721,80,7.00000062,0.48663824,0.414907,0.40866832,104
-109.926409,27.38215887,4,19,adv.EYTBW5IR 07,742,2,3,714,90,7.22767941,0.48928719,0.40899904,0.42982623,114
-109.9264252,27.38215887,4,20,adv.EYTBW5IR 07,741,2,3,713,90,6.91071438,0.50619791,0.39254167,0.41162104,117
-109.9264415,27.38215887,4,21,adv.EYTBW5IR 07,740,2,2,705,75,7.40625014,0.48027446,0.40286462,0.40062272,118
-109.9264578,27.38215887,4,22,adv.EYTBW5IR 07,739,2,2,728,85,7.37500083,0.4684104,0.40240876,0.36785544,116
-109.9264741,27.38215887,4,23,adv.EYTBW5IR 07,738,2,2,706,90,7.10714317,0.49229043,0.41059274,0.39713822,117
-109.9264903,27.38215887,4,24,adv.EYTBW5IR 07,737,2,2,723,90,6.80357168,0.48615888,0.38976594,0.36254941,120
-109.9265066,27.38215887,4,25,adv.EYTBW5IR 07,736,2,2,717,85,7.2633935,0.50667225,0.39739504,0.41526745,115
-109.9265229,27.38215887,4,26,adv.EYTBW5IR 07,735,2,1,712,95,7.75000035,0.50125514,0.40437566,0.43364907,114
-109.9265391,27.38215887,4,27,adv.EYTBW5IR 07,734,2,1,715,90,7.61607144,0.50789312,0.41199563,0.42570889,113
-109.9265554,27.38215887,4,28,adv.EYTBW5IR 07,733,2,1,702,85,7.5267865,0.51711879,0.41407182,0.40535695,106
-109.9265717,27.38215887,4,29,adv.EYTBW5IR 07,732,2,1,710,70,7.35267929,0.49019587,0.39723961,0.41568716,115
-109.926588,27.38215887,4,30,adv.EYTBW5IR 07,731,2,1,727,95,6.7589298,0.49483013,0.38565322,0.38139095,113
-109.9261162,27.38219092,5,1,adv. EYTBW5IR 06,631,2,1,627,95,7.3125008,0.49760978,0.4628003,0.41193579,117
-109.9261325,27.38219092,5,2,adv. EYTBW5IR 06,632,2,1,610,85,6.63169629,0.48717503,0.42906264,0.3874829,109
-109.9261487,27.38219092,5,3,adv. EYTBW5IR 06,633,2,1,602,80,6.9910715,0.49530247,0.46836928,0.40634116,106
-109.926165,27.38219092,5,4,adv. EYTBW5IR 06,634,2,1,615,85,6.86160744,0.46426255,0.42641948,0.39681555,110
-109.9261813,27.38219092,5,5,adv. EYTBW5IR 06,635,2,1,612,80,7.51785735,0.47410755,0.43406338,0.38852265,115
-109.9261976,27.38219092,5,6,adv. EYTBW5IR 06,636,2,2,617,75,7.1116075,0.50287548,0.43732993,0.3983734,111
-109.9262138,27.38219092,5,7,adv. EYTBW5IR 06,637,2,2,623,80,8.18303668,0.48109343,0.43570145,0.39604854,121
-109.9262301,27.38219092,5,8,adv. EYTBW5IR 06,638,2,2,606,85,7.46428617,0.47439106,0.40177065,0.37393221,110
-109.9262464,27.38219092,5,9,adv. EYTBW5IR 06,639,2,2,628,95,7.78125083,0.47408081,0.4236535,0.39888944,120
-109.9262626,27.38219092,5,10,adv. EYTBW5IR 06,640,2,2,605,90,6.79910714,0.4778429,0.41148563,0.39815831,110
-109.9262789,27.38219092,5,11,adv. EYTBW5IR 06,641,2,3,613,60,7.46428638,0.47872092,0.41037596,0.3931361,110
-109.9262952,27.38219092,5,12,adv. EYTBW5IR 06,642,2,3,614,90,7.86160741,0.4808217,0.40594785,0.39389034,111
-109.9263115,27.38219092,5,13,adv. EYTBW5IR 06,643,2,3,621,90,6.88839362,0.48473583,0.42344795,0.40174842,113
-109.9263277,27.38219092,5,14,adv. EYTBW5IR 06,644,2,3,616,90,6.37946447,0.50884011,0.42027596,0.40324676,111
-109.926344,27.38219092,5,15,adv. EYTBW5IR 06,645,2,3,626,55,7.26339377,0.48449204,0.4357352,0.39856037,117
-109.9263603,27.38219092,5,16,adv.EYTBW5IR 07,746,2,4,704,95,7.46875011,0.5019439,0.4275585,0.39729904,117
-109.9263766,27.38219091,5,17,adv.EYTBW5IR 07,747,2,4,719,85,7.20535756,0.50860241,0.42322571,0.41083253,101
-109.9263928,27.38219091,5,18,adv.EYTBW5IR 07,748,2,4,701,80,7.4642862,0.49384068,0.38533583,0.39080354,98
-109.9264091,27.38219091,5,19,adv.EYTBW5IR 07,749,2,4,707,90,6.9910712,0.47397993,0.37514813,0.39418521,108
-109.9264254,27.38219091,5,20,adv.EYTBW5IR 07,750,2,4,729,90,7.17410786,0.48839913,0.36048503,0.37402239,110
-109.9264416,27.38219091,5,21,adv.EYTBW5IR 07,751,2,5,722,90,6.96428665,0.49473933,0.39402825,0.41416163,117
-109.9264579,27.38219091,5,22,adv.EYTBW5IR 07,752,2,5,720,95,7.25446459,0.48246039,0.39266744,0.40354684,117
-109.9264742,27.38219091,5,23,adv.EYTBW5IR 07,753,2,5,725,95,7.61160774,0.46567122,0.34543805,0.36402837,113
-109.9264905,27.38219091,5,24,adv.EYTBW5IR 07,754,2,5,703,90,7.4151798,0.47638419,0.37501516,0.39677894,117
-109.9265067,27.38219091,5,25,adv.EYTBW5IR 07,755,2,5,709,80,7.53125026,0.46535242,0.43671548,0.42771919,100
-109.926523,27.38219091,5,26,adv.EYTBW5IR 07,756,2,6,711,90,7.38392932,0.48437095,0.39712552,0.4266711,102
-109.9265393,27.38219091,5,27,adv.EYTBW5IR 07,757,2,6,730,90,7.01785789,0.52856599,0.42006582,0.4230136,100
-109.9265555,27.38219091,5,28,adv.EYTBW5IR 07,758,2,6,708,95,7.46875023,0.49006171,0.39589929,0.39950042,118
-109.9265718,27.38219091,5,29,adv.EYTBW5IR 07,759,2,6,724,75,7.33035771,0.50291897,0.39323445,0.3831831,119
-109.9265881,27.38219091,5,30,adv.EYTBW5IR 07,760,2,6,718,85,7.27678653,0.48066188,0.3859715,0.40844752,112
-109.9261163,27.38222296,6,1,adv. EYTBW5IR 06,630,1,6,630,95,7.27678688,0.49080225,0.45743156,0.41984379,115
-109.9261326,27.38222296,6,2,adv. EYTBW5IR 06,629,1,6,629,95,7.43750085,0.50216313,0.44272755,0.42872915,108
-109.9261489,27.38222296,6,3,adv. EYTBW5IR 06,628,1,6,628,85,7.44642982,0.47710056,0.42693093,0.40078862,108
-109.9261651,27.38222296,6,4,adv. EYTBW5IR 06,627,1,6,627,85,6.70535779,0.50125613,0.4405598,0.42279298,109
-109.9261814,27.38222296,6,5,adv. EYTBW5IR 06,626,1,6,626,80,7.36607176,0.47635104,0.43407086,0.39623983,107
-109.9261977,27.38222296,6,6,adv. EYTBW5IR 06,625,1,5,625,85,7.30357173,0.4818507,0.43800075,0.41474424,107
-109.926214,27.38222296,6,7,adv. EYTBW5IR 06,624,1,5,624,90,7.4821437,0.4706747,0.43866047,0.41109117,109
-109.9262302,27.38222296,6,8,adv. EYTBW5IR 06,623,1,5,623,85,7.55357167,0.4659189,0.42091421,0.3935599,103
-109.9262465,27.38222296,6,9,adv. EYTBW5IR 06,622,1,5,622,75,6.56026864,0.48476349,0.44492865,0.39824166,109
-109.9262628,27.38222296,6,10,adv. EYTBW5IR 06,621,1,5,621,75,6.87053661,0.4732278,0.40551528,0.40030182,114
-109.926279,27.38222296,6,11,adv. EYTBW5IR 06,620,1,4,620,80,7.50446458,0.49317351,0.43327435,0.42809227,105
-109.9262953,27.38222296,6,12,adv. EYTBW5IR 06,619,1,4,619,90,7.16517955,0.4823267,0.39769858,0.41320393,111
-109.9263116,27.38222296,6,13,adv. EYTBW5IR 06,618,1,4,618,80,7.41964352,0.49307237,0.44090272,0.42663893,106
-109.9263279,27.38222296,6,14,adv. EYTBW5IR 06,617,1,4,617,90,7.16964349,0.49634767,0.4216045,0.39347371,106
-109.9263441,27.38222295,6,15,adv. EYTBW5IR 06,616,1,4,616,90,7.36607146,0.49565887,0.44217031,0.40122344,114
-109.9263604,27.38222295,6,16,adv.EYTBW5IR 07,775,3,3,718,95,7.67857154,0.49333505,0.42402753,0.41154802,112
-109.9263767,27.38222295,6,17,adv.EYTBW5IR 07,774,3,3,725,90,7.35267975,0.45531363,0.40458492,0.3692345,117
-109.9263929,27.38222295,6,18,adv.EYTBW5IR 07,773,3,3,730,80,6.5535719,0.49184812,0.40314564,0.40985076,115
-109.9264092,27.38222295,6,19,adv.EYTBW5IR 07,772,3,3,728,80,7.19196484,0.45378304,0.37170398,0.36306751,115
-109.9264255,27.38222295,6,20,adv.EYTBW5IR 07,771,3,3,724,90,7.27232172,0.47757764,0.37714509,0.37983971,103
-109.9264418,27.38222295,6,21,adv.EYTBW5IR 07,770,3,2,715,80,6.66964345,0.49807884,0.3993887,0.41381765,116
-109.926458,27.38222295,6,22,adv.EYTBW5IR 07,769,3,2,704,80,7.00892912,0.48903583,0.40095633,0.39450333,113
-109.9264743,27.38222295,6,23,adv.EYTBW5IR 07,768,3,2,721,95,7.56250063,0.48917185,0.40213476,0.39003812,116
-109.9264906,27.38222295,6,24,adv.EYTBW5IR 07,767,3,2,717,85,6.83928651,0.50966895,0.39385261,0.42344459,103
-109.9265068,27.38222295,6,25,adv.EYTBW5IR 07,766,3,2,708,80,7.52232124,0.46745233,0.37623943,0.40059444,122
-109.9265231,27.38222295,6,26,adv.EYTBW5IR 07,765,3,1,720,95,7.4419646,0.47873264,0.39100438,0.41360243,115
-109.9265394,27.38222295,6,27,adv.EYTBW5IR 07,764,3,1,702,85,7.4598216,0.4855533,0.43740024,0.41624469,118
-109.9265557,27.38222295,6,28,adv.EYTBW5IR 07,763,3,1,713,95,7.64732139,0.48681868,0.3960352,0.4133569,100
-109.9265719,27.38222295,6,29,adv.EYTBW5IR 07,762,3,1,707,90,7.54017921,0.482323,0.37377889,0.40154847,116
-109.9265882,27.38222295,6,30,adv.EYTBW5IR 07,761,3,1,714,90,7.29910742,0.49909927,0.39041011,0.4279218,112
-109.9261164,27.382255,7,1,adv. EYTBW5IR 06,601,1,1,601,95,8.2767861,0.49130042,0.44873583,0.39323429,102
-109.9261327,27.382255,7,2,adv. EYTBW5IR 06,602,1,1,602,95,7.1473214,0.50633919,0.44720979,0.40643371,100
-109.926149,27.382255,7,3,adv. EYTBW5IR 06,603,1,1,603,85,7.1964297,0.49215291,0.43709355,0.39617072,100
-109.9261653,27.382255,7,4,adv. EYTBW5IR 06,604,1,1,604,90,7.4464291,0.49213819,0.43545326,0.40556776,109
-109.9261815,27.382255,7,5,adv. EYTBW5IR 06,605,1,1,605,85,7.06696413,0.48929316,0.42218913,0.3976636,110
-109.9261978,27.382255,7,6,adv. EYTBW5IR 06,606,1,2,606,90,7.52678616,0.48294999,0.40463087,0.38071089,105
-109.9262141,27.382255,7,7,adv. EYTBW5IR 06,607,1,2,607,90,7.62053619,0.48302752,0.42758519,0.39772069,103
-109.9262303,27.382255,7,8,adv. EYTBW5IR 06,608,1,2,608,85,7.04910722,0.47469122,0.40935326,0.37658414,110
-109.9262466,27.382255,7,9,adv. EYTBW5IR 06,609,1,2,609,85,8.09375025,0.46321485,0.41310129,0.37661006,111
-109.9262629,27.382255,7,10,adv. EYTBW5IR 06,610,1,2,610,80,7.41964328,0.49513033,0.42565251,0.38369694,108
-109.9262792,27.382255,7,11,adv. EYTBW5IR 06,611,1,3,611,80,7.14285731,0.49100782,0.41564398,0.3888713,106
-109.9262954,27.382255,7,12,adv. EYTBW5IR 06,612,1,3,612,90,7.93303634,0.47220949,0.40375638,0.39212405,112
-109.9263117,27.382255,7,13,adv. EYTBW5IR 06,613,1,3,613,80,7.70089337,0.46338966,0.4177815,0.39408852,108
-109.926328,27.38225499,7,14,adv. EYTBW5IR 06,614,1,3,614,90,7.7366074,0.48174427,0.45218463,0.39509758,112
-109.9263442,27.38225499,7,15,adv. EYTBW5IR 06,615,1,3,615,75,7.22767943,0.46048228,0.39045261,0.38447184,107
-109.9263605,27.38225499,7,16,adv.EYTBW5IR 07,776,3,4,723,95,7.34375069,0.48373766,0.41060332,0.37237113,110
-109.9263768,27.38225499,7,17,adv.EYTBW5IR 07,777,3,4,712,90,7.57589336,0.46729987,0.414575,0.42622397,106
-109.9263931,27.38225499,7,18,adv.EYTBW5IR 07,778,3,4,719,80,6.98660757,0.47179526,0.42370267,0.40263256,115
-109.9264093,27.38225499,7,19,adv.EYTBW5IR 07,779,3,4,726,95,7.29017978,0.46500643,0.36982704,0.38366413,108
-109.9264256,27.38225499,7,20,adv.EYTBW5IR 07,780,3,4,703,95,7.5491079,0.46746415,0.38304043,0.39038939,115
-109.9264419,27.38225499,7,21,adv.EYTBW5IR 07,781,3,5,709,90,7.56696427,0.49962557,0.42791668,0.41568141,117
-109.9264581,27.38225499,7,22,adv.EYTBW5IR 07,782,3,5,705,90,7.71875015,0.47781687,0.39254916,0.3951346,114
-109.9264744,27.38225499,7,23,adv.EYTBW5IR 07,783,3,5,716,95,7.14285748,0.52035727,0.38148958,0.3953333,118
-109.9264907,27.38225499,7,24,adv.EYTBW5IR 07,784,3,5,727,90,6.59375081,0.4441228,0.35939511,0.36565637,114
-109.926507,27.38225499,7,25,adv.EYTBW5IR 07,785,3,5,710,80,7.6651793,0.48762994,0.41023356,0.4183224,116
-109.9265232,27.38225499,7,26,adv.EYTBW5IR 07,786,3,6,701,90,7.1294643,0.50023886,0.39684374,0.39995954,117
-109.9265395,27.38225499,7,27,adv.EYTBW5IR 07,787,3,6,722,95,8.12053666,0.49794532,0.39478264,0.42321839,118
-109.9265558,27.38225499,7,28,adv.EYTBW5IR 07,788,3,6,729,85,7.29910787,0.51472877,0.41269394,0.3963651,112
-109.926572,27.38225498,7,29,adv.EYTBW5IR 07,789,3,6,711,85,7.43303633,0.49114544,0.40312458,0.42276441,116
-109.9265883,27.38225498,7,30,adv.EYTBW5IR 07,790,3,6,706,80,7.03571418,0.49650041,0.38426076,0.41832563,110
-109.9261166,27.38228704,8,1,adv. EYTBW5IR 05,590,3,6,506,90,7.00446418,0.4776805,0.45593868,0.39096118,122
-109.9261328,27.38228704,8,2,adv. EYTBW5IR 05,589,3,6,511,95,6.72321433,0.48645344,0.42577947,0.39572476,105
-109.9261491,27.38228704,8,3,adv. EYTBW5IR 05,588,3,6,529,85,7.22767987,0.48087577,0.44062837,0.40082443,113
-109.9261654,27.38228704,8,4,adv. EYTBW5IR 05,587,3,6,522,90,6.96428666,0.51072018,0.46738046,0.40678737,119
-109.9261816,27.38228704,8,5,adv. EYTBW5IR 05,586,3,6,501,90,7.8839293,0.49032221,0.43721711,0.39386815,115
-109.9261979,27.38228704,8,6,adv. EYTBW5IR 05,585,3,5,510,80,6.1584823,0.4811613,0.41053183,0.39032849,101
-109.9262142,27.38228704,8,7,adv. EYTBW5IR 05,584,3,5,527,80,7.66071481,0.46715641,0.42322324,0.39979972,112
-109.9262305,27.38228704,8,8,adv. EYTBW5IR 05,583,3,5,516,90,7.16964348,0.51362154,0.43583103,0.41128124,104
-109.9262467,27.38228704,8,9,adv. EYTBW5IR 05,582,3,5,505,90,6.82142915,0.48123943,0.40826463,0.40326527,117
-109.926263,27.38228704,8,10,adv. EYTBW5IR 05,581,3,5,509,90,7.72767927,0.46375549,0.39505473,0.38616137,114
-109.9262793,27.38228704,8,11,adv. EYTBW5IR 05,580,3,4,503,75,7.4598219,0.49581482,0.4052912,0.40930097,109
-109.9262955,27.38228703,8,12,adv. EYTBW5IR 05,579,3,4,526,90,7.32142978,0.46472786,0.38178865,0.39426492,110
-109.9263118,27.38228703,8,13,adv. EYTBW5IR 05,578,3,4,519,80,7.43303657,0.48191054,0.42116798,0.40180764,109
-109.9263281,27.38228703,8,14,adv. EYTBW5IR 05,577,3,4,512,95,7.37053636,0.47168264,0.41375443,0.40647473,100
-109.9263444,27.38228703,8,15,adv. EYTBW5IR 05,576,3,4,523,80,7.76339369,0.45788243,0.38778801,0.39327544,118
-109.9263606,27.38228703,8,16,adv.EYTBW5IR 08,815,1,3,815,85,7.33035743,0.43427729,0.36396013,0.40619614,109
-109.9263769,27.38228703,8,17,adv.EYTBW5IR 08,814,1,3,814,85,7.6160714,0.43779108,0.37301612,0.39247427,113
-109.9263932,27.38228703,8,18,adv.EYTBW5IR 08,813,1,3,813,80,7.26785737,0.4578229,0.43641437,0.39530125,106
-109.9264094,27.38228703,8,19,adv.EYTBW5IR 08,812,1,3,812,95,7.20535734,0.47122231,0.40511442,0.38427632,102
-109.9264257,27.38228703,8,20,adv.EYTBW5IR 08,811,1,3,811,95,7.36160731,0.49962327,0.41739933,0.42873117,113
-109.926442,27.38228703,8,21,adv.EYTBW5IR 08,810,1,2,810,75,7.17410728,0.45010715,0.36007094,0.39406449,117
-109.9264583,27.38228703,8,22,adv.EYTBW5IR 08,809,1,2,809,75,7.41964325,0.46576118,0.36080047,0.39821018,117
-109.9264745,27.38228703,8,23,adv.EYTBW5IR 08,808,1,2,808,95,7.17410722,0.48369936,0.37064679,0.39789868,109
-109.9264908,27.38228703,8,24,adv.EYTBW5IR 08,807,1,2,807,90,6.83928619,0.49073224,0.37501194,0.41164508,116
-109.9265071,27.38228703,8,25,adv.EYTBW5IR 08,806,1,2,806,95,7.40178616,0.50006054,0.40137286,0.41421213,107
-109.9265233,27.38228703,8,26,adv.EYTBW5IR 08,805,1,1,805,90,6.80803613,0.49309525,0.37118296,0.41415341,109
-109.9265396,27.38228703,8,27,adv.EYTBW5IR 08,804,1,1,804,90,7.4285711,0.49463726,0.37644532,0.41166743,109
-109.9265559,27.38228702,8,28,adv.EYTBW5IR 08,803,1,1,803,90,6.8214297,0.51355614,0.38122479,0.41893724,107
-109.9265722,27.38228702,8,29,adv.EYTBW5IR 08,802,1,1,802,85,7.1383934,0.50075353,0.39663,0.41135872,106
-109.9265884,27.38228702,8,30,adv.EYTBW5IR 08,801,1,1,801,95,7.7232141,0.49890808,0.36696844,0.39627364,109
-109.9261167,27.38231908,9,1,adv. EYTBW5IR 05,561,3,1,514,95,7.39732142,0.43373277,0.44274234,0.40871444,106
-109.9261329,27.38231908,9,2,adv. EYTBW5IR 05,562,3,1,507,95,6.87946421,0.47998611,0.44242774,0.38801412,108
-109.9261492,27.38231908,9,3,adv. EYTBW5IR 05,563,3,1,513,80,7.27678639,0.48788595,0.45775949,0.40833745,108
-109.9261655,27.38231908,9,4,adv. EYTBW5IR 05,564,3,1,502,85,7.3660716,0.49726456,0.44648473,0.41422622,107
-109.9261818,27.38231908,9,5,adv. EYTBW5IR 05,565,3,1,520,95,7.7053576,0.43297093,0.38957896,0.378573,108
-109.926198,27.38231908,9,6,adv. EYTBW5IR 05,566,3,2,508,80,6.62500024,0.47091373,0.42961192,0.39182555,112
-109.9262143,27.38231908,9,7,adv. EYTBW5IR 05,567,3,2,517,80,7.41964351,0.42989243,0.38866903,0.37420233,111
-109.9262306,27.38231908,9,8,adv. EYTBW5IR 05,568,3,2,521,95,7.21428663,0.46553233,0.40378132,0.38724068,106
-109.9262468,27.38231908,9,9,adv. EYTBW5IR 05,569,3,2,504,75,7.73660712,0.48640866,0.42718761,0.3982374,104
-109.9262631,27.38231907,9,10,adv. EYTBW5IR 05,570,3,2,515,95,6.97321445,0.47722091,0.42484354,0.39664022,105
-109.9262794,27.38231907,9,11,adv. EYTBW5IR 05,571,3,3,524,75,7.53571472,0.49170316,0.42978521,0.40520296,103
-109.9262957,27.38231907,9,12,adv. EYTBW5IR 05,572,3,3,528,90,7.92410784,0.48978228,0.40844558,0.39905714,106
-109.9263119,27.38231907,9,13,adv. EYTBW5IR 05,573,3,3,530,90,7.1741079,0.46043712,0.39804894,0.4053512,111
-109.9263282,27.38231907,9,14,adv. EYTBW5IR 05,574,3,3,525,95,7.78125075,0.47188045,0.41616697,0.38022142,107
-109.9263445,27.38231907,9,15,adv. EYTBW5IR 05,575,3,3,518,85,7.16071454,0.49582848,0.42490796,0.40093783,107
-109.9263607,27.38231907,9,16,adv.EYTBW5IR 08,816,1,4,816,85,7.28125046,0.45793646,0.39158356,0.40496056,103
-109.926377,27.38231907,9,17,adv.EYTBW5IR 08,817,1,4,817,95,7.71875049,0.49118699,0.40163698,0.39448003,106
-109.9263933,27.38231907,9,18,adv.EYTBW5IR 08,818,1,4,818,95,7.53571452,0.47782296,0.41207663,0.38725469,110
-109.9264096,27.38231907,9,19,adv.EYTBW5IR 08,819,1,4,819,95,7.46428655,0.46675793,0.39999165,0.39135307,112
-109.9264258,27.38231907,9,20,adv.EYTBW5IR 08,820,1,4,820,95,6.85267958,0.46544578,0.37665507,0.38927685,107
-109.9264421,27.38231907,9,21,adv.EYTBW5IR 08,821,1,5,821,90,7.88839361,0.47027296,0.39194381,0.39067564,110
-109.9264584,27.38231907,9,22,adv.EYTBW5IR 08,822,1,5,822,90,7.45982164,0.49627147,0.38969365,0.39078475,105
-109.9264746,27.38231907,9,23,adv.EYTBW5IR 08,823,1,5,823,95,6.93303667,0.4947882,0.39002795,0.38164991,104
-109.9264909,27.38231907,9,24,adv.EYTBW5IR 08,824,1,5,824,90,6.8392867,0.4694849,0.37103142,0.38110907,108
-109.9265072,27.38231907,9,25,adv.EYTBW5IR 08,825,1,5,825,85,7.81696473,0.48821674,0.39484395,0.39468453,100
-109.9265235,27.38231906,9,26,adv.EYTBW5IR 08,826,1,6,826,90,7.71428676,0.46142721,0.38159665,0.40053214,111
-109.9265397,27.38231906,9,27,adv.EYTBW5IR 08,827,1,6,827,85,8.11160779,0.46992978,0.38228142,0.39601542,111
-109.926556,27.38231906,9,28,adv.EYTBW5IR 08,828,1,6,828,90,7.75892982,0.47594971,0.38313161,0.39215608,106
-109.9265723,27.38231906,9,29,adv.EYTBW5IR 08,829,1,6,829,90,7.32142985,0.43115798,0.36225679,0.37344409,109
-109.9265886,27.38231906,9,30,adv.EYTBW5IR 08,830,1,6,830,95,7.09375088,0.49349397,0.39895654,0.3996626,100
-109.9261168,27.38235112,10,1,adv. EYTBW5IR 05,560,2,6,518,90,7.09821453,0.45519067,0.4601838,0.38500968,109
-109.9261331,27.38235112,10,2,adv. EYTBW5IR 05,559,2,6,524,90,6.68750071,0.48634329,0.45312737,0.39488828,109
-109.9261493,27.38235112,10,3,adv. EYTBW5IR 05,558,2,6,508,80,7.05357123,0.4533413,0.44646103,0.38719819,112
-109.9261656,27.38235112,10,4,adv. EYTBW5IR 05,557,2,6,530,90,7.45982189,0.46481929,0.43020033,0.40461629,110
-109.9261819,27.38235112,10,5,adv. EYTBW5IR 05,556,2,6,511,85,7.24553632,0.46423311,0.42141663,0.40521471,112
-109.9261981,27.38235112,10,6,adv. EYTBW5IR 05,555,2,5,509,95,7.50446426,0.45803989,0.40619638,0.38402094,114
-109.9262144,27.38235112,10,7,adv. EYTBW5IR 05,554,2,5,503,90,7.4241078,0.48383692,0.41000758,0.40088993,109
-109.9262307,27.38235111,10,8,adv. EYTBW5IR 05,553,2,5,525,95,7.40625074,0.47774941,0.390607,0.38056873,113
-109.926247,27.38235111,10,9,adv. EYTBW5IR 05,552,2,5,520,90,7.51339359,0.42489892,0.39072286,0.38418123,108
-109.9262632,27.38235111,10,10,adv. EYTBW5IR 05,551,2,5,522,95,7.58482165,0.50724711,0.43640796,0.39577087,117
-109.9262795,27.38235111,10,11,adv. EYTBW5IR 05,550,2,4,529,80,8.26785786,0.47163269,0.4187661,0.4041361,107
-109.9262958,27.38235111,10,12,adv. EYTBW5IR 05,549,2,4,507,95,7.5892862,0.47689982,0.4130154,0.38693679,107
-109.9263121,27.38235111,10,13,adv. EYTBW5IR 05,548,2,4,501,90,7.1339292,0.48505965,0.42380221,0.40378854,115
-109.9263283,27.38235111,10,14,adv. EYTBW5IR 05,547,2,4,519,95,7.58482156,0.50024685,0.42177813,0.40406063,106
-109.9263446,27.38235111,10,15,adv. EYTBW5IR 05,546,2,4,504,65,7.27678611,0.5083745,0.4273712,0.40772868,98
-109.9263609,27.38235111,10,16,adv.EYTBW5IR 08,845,2,3,826,90,7.27232177,0.49830492,0.42210273,0.39997405,106
-109.9263771,27.38235111,10,17,adv.EYTBW5IR 08,844,2,3,816,95,7.65625047,0.46589058,0.38979578,0.40794765,109
-109.9263934,27.38235111,10,18,adv.EYTBW5IR 08,843,2,3,821,85,7.55357162,0.47372983,0.41425173,0.39526822,113
-109.9264097,27.38235111,10,19,adv.EYTBW5IR 08,842,2,3,814,95,7.64732141,0.45446749,0.36651112,0.39450736,118
-109.926426,27.38235111,10,20,adv.EYTBW5IR 08,841,2,3,813,95,7.54910738,0.47520417,0.38644711,0.38978405,116
-109.9264422,27.38235111,10,21,adv.EYTBW5IR 08,840,2,2,805,90,7.42857114,0.47903258,0.41143581,0.40898879,112
-109.9264585,27.38235111,10,22,adv.EYTBW5IR 08,839,2,2,828,85,7.29017983,0.47522572,0.37031745,0.39768776,104
-109.9264748,27.38235111,10,23,adv.EYTBW5IR 08,838,2,2,806,95,7.42410717,0.49761934,0.40246893,0.41169295,117
-109.926491,27.3823511,10,24,adv.EYTBW5IR 08,837,2,2,823,90,6.58482168,0.48845962,0.39041262,0.39147076,114
-109.9265073,27.3823511,10,25,adv.EYTBW5IR 08,836,2,2,817,90,7.9330365,0.48294926,0.39591548,0.39732041,125
-109.9265236,27.3823511,10,26,adv.EYTBW5IR 08,835,2,1,812,85,7.17857135,0.47848139,0.3751688,0.38591244,121
-109.9265399,27.3823511,10,27,adv.EYTBW5IR 08,834,2,1,815,95,8.17857144,0.42516954,0.33847543,0.39814384,116
-109.9265561,27.3823511,10,28,adv.EYTBW5IR 08,833,2,1,802,95,7.1517865,0.49785523,0.4123215,0.40783111,112
-109.9265724,27.3823511,10,29,adv.EYTBW5IR 08,832,2,1,810,80,8.34375029,0.4289528,0.35740832,0.37797643,117
-109.9265887,27.3823511,10,30,adv.EYTBW5IR 08,831,2,1,827,90,7.5044648,0.4743102,0.38710955,0.39655226,108
-109.9261169,27.38238316,11,1,adv. EYTBW5IR 05,531,2,1,527,90,7.5446438,0.44898844,0.43780851,0.39270893,107
-109.9261332,27.38238316,11,2,adv. EYTBW5IR 05,532,2,1,510,90,7.03571429,0.44782394,0.43032495,0.38813605,107
-109.9261495,27.38238316,11,3,adv. EYTBW5IR 05,533,2,1,502,85,7.2500005,0.46042557,0.45898527,0.4094728,107
-109.9261657,27.38238316,11,4,adv. EYTBW5IR 05,534,2,1,515,95,6.59375044,0.46406879,0.43531811,0.41039177,111
-109.926182,27.38238316,11,5,adv. EYTBW5IR 05,535,2,1,512,85,7.30803635,0.45661671,0.42606508,0.40790046,105
-109.9261983,27.38238315,11,6,adv. EYTBW5IR 05,536,2,2,517,90,7.7946435,0.43680176,0.37611427,0.38089884,110
-109.9262145,27.38238315,11,7,adv. EYTBW5IR 05,537,2,2,523,90,6.36830468,0.4718646,0.42952979,0.4066272,113
-109.9262308,27.38238315,11,8,adv. EYTBW5IR 05,538,2,2,506,90,7.13839317,0.46725682,0.40971185,0.38759307,122
-109.9262471,27.38238315,11,9,adv. EYTBW5IR 05,539,2,2,528,85,7.35267983,0.46336654,0.42349112,0.39572897,110
-109.9262634,27.38238315,11,10,adv. EYTBW5IR 05,540,2,2,505,95,7.07142914,0.48886437,0.42543291,0.41194282,115
-109.9262796,27.38238315,11,11,adv. EYTBW5IR 05,541,2,3,513,85,7.73214338,0.47802175,0.42193149,0.4147976,113
-109.9262959,27.38238315,11,12,adv. EYTBW5IR 05,542,2,3,514,95,7.61607141,0.45253777,0.39664234,0.41822338,109
-109.9263122,27.38238315,11,13,adv. EYTBW5IR 05,543,2,3,521,95,7.23660762,0.46200399,0.3897457,0.38805411,101
-109.9263284,27.38238315,11,14,adv. EYTBW5IR 05,544,2,3,516,95,7.28125047,0.49919797,0.43460476,0.41507321,106
-109.9263447,27.38238315,11,15,adv. EYTBW5IR 05,545,2,3,526,85,7.25000077,0.44835738,0.39951398,0.38699393,106
-109.926361,27.38238315,11,16,adv.EYTBW5IR 08,846,2,4,804,95,7.04910711,0.47521127,0.41315017,0.41754323,91
-109.9263773,27.38238315,11,17,adv.EYTBW5IR 08,847,2,4,819,95,7.35267956,0.4614446,0.40882231,0.38527385,92
-109.9263935,27.38238315,11,18,adv.EYTBW5IR 08,848,2,4,801,95,7.7232142,0.48599515,0.4212401,0.39041975,103
-109.9264098,27.38238315,11,19,adv.EYTBW5IR 08,849,2,4,807,95,6.6026792,0.49140252,0.41287039,0.4253745,113
-109.9264261,27.38238315,11,20,adv.EYTBW5IR 08,850,2,4,829,95,7.00000086,0.44630419,0.35664211,0.38909185,110
-109.9264423,27.38238315,11,21,adv.EYTBW5IR 08,851,2,5,822,95,7.00892965,0.48835484,0.39015462,0.40575579,110
-109.9264586,27.38238315,11,22,adv.EYTBW5IR 08,852,2,5,820,85,6.62276859,0.45369802,0.38541357,0.38565585,105
-109.9264749,27.38238314,11,23,adv.EYTBW5IR 08,853,2,5,825,95,7.70535774,0.48915105,0.39233839,0.39368406,104
-109.9264912,27.38238314,11,24,adv.EYTBW5IR 08,854,2,5,803,90,7.1026798,0.48614524,0.3753561,0.4207794,112
-109.9265074,27.38238314,11,25,adv.EYTBW5IR 08,855,2,5,809,95,8.08928626,0.44816004,0.34267333,0.39338106,122
-109.9265237,27.38238314,11,26,adv.EYTBW5IR 08,856,2,6,811,95,7.34375032,0.49271862,0.40364018,0.42158444,108
-109.92654,27.38238314,11,27,adv.EYTBW5IR 08,857,2,6,830,95,7.72321489,0.48980363,0.40792543,0.40250728,112
-109.9265562,27.38238314,11,28,adv.EYTBW5IR 08,858,2,6,808,95,7.47321423,0.48088804,0.38910191,0.39132657,109
-109.9265725,27.38238314,11,29,adv.EYTBW5IR 08,859,2,6,824,80,6.88839371,0.45683332,0.37622408,0.38171266,114
-109.9265888,27.38238314,11,30,adv.EYTBW5IR 08,860,2,6,818,90,7.35714353,0.47273412,0.38578311,0.38975764,111
-109.926117,27.3824152,12,1,adv. EYTBW5IR 05,530,1,6,530,95,7.29464388,0.45158709,0.43209959,0.40063135,111
-109.9261333,27.3824152,12,2,adv. EYTBW5IR 05,529,1,6,529,95,7.37053685,0.45228664,0.44335658,0.40757063,107
-109.9261496,27.3824152,12,3,adv. EYTBW5IR 05,528,1,6,528,80,7.39285782,0.45478276,0.44719433,0.4051893,107
-109.9261658,27.3824152,12,4,adv. EYTBW5IR 05,527,1,6,527,80,7.71875079,0.46016297,0.4203393,0.415735,111
-109.9261821,27.38241519,12,5,adv. EYTBW5IR 05,526,1,6,526,90,7.41071476,0.44784881,0.40206714,0.39652231,110
-109.9261984,27.38241519,12,6,adv. EYTBW5IR 05,525,1,5,525,85,7.17410773,0.46391488,0.40741308,0.39496265,107
-109.9262147,27.38241519,12,7,adv. EYTBW5IR 05,524,1,5,524,85,6.8169647,0.48210533,0.43732127,0.40584009,108
-109.9262309,27.38241519,12,8,adv. EYTBW5IR 05,523,1,5,523,95,7.71875067,0.45439828,0.41107504,0.39952563,113
-109.9262472,27.38241519,12,9,adv. EYTBW5IR 05,522,1,5,522,95,7.26785764,0.50350192,0.45324949,0.39994311,105
-109.9262635,27.38241519,12,10,adv. EYTBW5IR 05,521,1,5,521,90,7.04464361,0.4748279,0.4026547,0.38931641,105
-109.9262797,27.38241519,12,11,adv. EYTBW5IR 05,520,1,4,520,75,7.80357158,0.44171819,0.37263998,0.38418604,108
-109.926296,27.38241519,12,12,adv. EYTBW5IR 05,519,1,4,519,95,7.57589355,0.49772559,0.41161972,0.40901881,106
-109.9263123,27.38241519,12,13,adv. EYTBW5IR 05,518,1,4,518,80,7.21428652,0.49979491,0.41995044,0.40820124,111
-109.9263286,27.38241519,12,14,adv. EYTBW5IR 05,517,1,4,517,90,7.25000049,0.45590539,0.34942635,0.37487668,113
-109.9263448,27.38241519,12,15,adv. EYTBW5IR 05,516,1,4,516,90,7.04017946,0.50817584,0.42459359,0.42107556,108
-109.9263611,27.38241519,12,16,adv.EYTBW5IR 08,875,3,3,818,90,7.48214354,0.48551068,0.3970295,0.39614401,113
-109.9263774,27.38241519,12,17,adv.EYTBW5IR 08,874,3,3,825,95,7.74553675,0.49802082,0.42174554,0.39086918,102
-109.9263936,27.38241519,12,18,adv.EYTBW5IR 08,873,3,3,830,95,7.0044649,0.47596387,0.41029495,0.39194569,115
-109.9264099,27.38241519,12,19,adv.EYTBW5IR 08,872,3,3,828,95,7.83928684,0.46863195,0.39540964,0.39538518,106
-109.9264262,27.38241519,12,20,adv.EYTBW5IR 08,871,3,3,824,95,6.78125072,0.46856226,0.38621913,0.38825101,118
-109.9264425,27.38241518,12,21,adv.EYTBW5IR 08,870,3,2,815,90,7.41964345,0.42536721,0.35384396,0.40195393,119
-109.9264587,27.38241518,12,22,adv.EYTBW5IR 08,869,3,2,804,90,6.96875012,0.47935362,0.42761895,0.41903646,139
-109.926475,27.38241518,12,23,adv.EYTBW5IR 08,868,3,2,821,90,7.67857163,0.4581097,0.40986584,0.40055114,119
-109.9264913,27.38241518,12,24,adv.EYTBW5IR 08,867,3,2,817,95,7.67410751,0.47825761,0.39721946,0.39465403,101
-109.9265075,27.38241518,12,25,adv.EYTBW5IR 08,866,3,2,808,90,8.01339324,0.42792024,0.36526924,0.38654426,91
-109.9265238,27.38241518,12,26,adv.EYTBW5IR 08,865,3,1,820,90,6.9017866,0.45866586,0.38731464,0.401847,115
-109.9265401,27.38241518,12,27,adv.EYTBW5IR 08,864,3,1,802,90,7.7946436,0.48587992,0.43689298,0.42056739,125
-109.9265564,27.38241518,12,28,adv.EYTBW5IR 08,863,3,1,813,85,7.41517939,0.46491599,0.4183252,0.39317157,110
-109.9265726,27.38241518,12,29,adv.EYTBW5IR 08,862,3,1,807,90,7.58928621,0.47788388,0.42881932,0.41525925,108
-109.9265889,27.38241518,12,30,adv.EYTBW5IR 08,861,3,1,814,90,7.73214342,0.42945625,0.36181144,0.38877067,108
-109.9261171,27.38244724,13,1,adv. EYTBW5IR 05,501,1,1,501,95,7.9062501,0.45572611,0.43819797,0.3880051,107
-109.9261334,27.38244724,13,2,adv. EYTBW5IR 05,502,1,1,502,95,7.2053574,0.464029,0.44902316,0.40708675,99
-109.9261497,27.38244723,13,3,adv. EYTBW5IR 05,503,1,1,503,85,7.4107147,0.45289933,0.42491658,0.40000918,106
-109.926166,27.38244723,13,4,adv. EYTBW5IR 05,504,1,1,504,85,7.3883931,0.47080782,0.44598651,0.405585,104
-109.9261822,27.38244723,13,5,adv. EYTBW5IR 05,505,1,1,505,90,7.49107113,0.49081767,0.47386274,0.40840227,105
-109.9261985,27.38244723,13,6,adv. EYTBW5IR 05,506,1,2,506,90,7.30803616,0.46365262,0.42544228,0.38698649,102
-109.9262148,27.38244723,13,7,adv. EYTBW5IR 05,507,1,2,507,85,7.47321419,0.4765873,0.43900799,0.38106332,101
-109.926231,27.38244723,13,8,adv. EYTBW5IR 05,508,1,2,508,90,7.22767922,0.47977886,0.411861,0.38337913,101
-109.9262473,27.38244723,13,9,adv. EYTBW5IR 05,509,1,2,509,95,7.66964325,0.46528017,0.40804365,0.38754794,107
-109.9262636,27.38244723,13,10,adv. EYTBW5IR 05,510,1,2,510,85,7.32142928,0.49518432,0.38742208,0.38553935,101
-109.9262799,27.38244723,13,11,adv. EYTBW5IR 05,511,1,3,511,90,7.54464331,0.48211445,0.3968722,0.40441128,104
-109.9262961,27.38244723,13,12,adv. EYTBW5IR 05,512,1,3,512,95,7.52232134,0.45992585,0.39337602,0.41119412,100
-109.9263124,27.38244723,13,13,adv. EYTBW5IR 05,513,1,3,513,90,7.56250037,0.48281863,0.39495382,0.4143097,108
-109.9263287,27.38244723,13,14,adv. EYTBW5IR 05,514,1,3,514,95,7.5446434,0.45341244,0.37576046,0.41052971,109
-109.9263449,27.38244723,13,15,adv. EYTBW5IR 05,515,1,3,515,85,6.61383943,0.45598378,0.41782875,0.40828583,108
-109.9263612,27.38244723,13,16,adv.EYTBW5IR 08,876,3,4,823,90,5.77455469,0.50327061,0.42999706,0.41732123,105
-109.9263775,27.38244723,13,17,adv.EYTBW5IR 08,877,3,4,812,95,7.75000036,0.46357734,0.38586351,0.37458957,109
-109.9263938,27.38244723,13,18,adv.EYTBW5IR 08,878,3,4,819,95,7.62053657,0.46598741,0.39380724,0.38467707,109
-109.92641,27.38244722,13,19,adv.EYTBW5IR 08,879,3,4,826,95,7.29017978,0.47854436,0.37595599,0.39500068,108
-109.9264263,27.38244722,13,20,adv.EYTBW5IR 08,880,3,4,803,95,6.9687509,0.48837744,0.41078784,0.42512112,121
-109.9264426,27.38244722,13,21,adv.EYTBW5IR 08,881,3,5,809,95,7.35714327,0.44397979,0.356511,0.3919178,109
-109.9264588,27.38244722,13,22,adv.EYTBW5IR 08,882,3,5,805,90,7.40625015,0.48111626,0.41992535,0.41793578,109
-109.9264751,27.38244722,13,23,adv.EYTBW5IR 08,883,3,5,816,95,7.68303648,0.44664164,0.3747921,0.39830285,109
-109.9264914,27.38244722,13,24,adv.EYTBW5IR 08,884,3,5,827,95,7.51339381,0.45979923,0.38996091,0.39176311,106
-109.9265077,27.38244722,13,25,adv.EYTBW5IR 08,885,3,5,810,90,7.9910713,0.4777713,0.40634919,0.39904642,106
-109.9265239,27.38244722,13,26,adv.EYTBW5IR 08,886,3,6,801,100,8.0089293,0.49008262,0.41029131,0.387227,105
-109.9265402,27.38244722,13,27,adv.EYTBW5IR 08,887,3,6,822,90,7.35267966,0.49440062,0.43234967,0.4048648,107
-109.9265565,27.38244722,13,28,adv.EYTBW5IR 08,888,3,6,829,95,7.29910787,0.44144172,0.37356699,0.38010717,118
-109.9265727,27.38244722,13,29,adv.EYTBW5IR 08,889,3,6,811,90,6.87053633,0.48036663,0.42907956,0.41474016,110
-109.926589,27.38244722,13,30,adv.EYTBW5IR 08,890,3,6,806,90,7.03125018,0.47946882,0.42923356,0.41044714,103
-109.9261173,27.38247927,14,1,adv. EYTBW5IR 04,490,3,6,406,90,7.08035718,0.45044117,0.43176133,0.38908649,96
-109.9261335,27.38247927,14,2,adv. EYTBW5IR 04,489,3,6,411,95,7.16517933,0.47447188,0.47760441,0.39756471,100
-109.9261498,27.38247927,14,3,adv. EYTBW5IR 04,488,3,6,429,90,7.63392987,0.4569605,0.44447491,0.38904215,106
-109.9261661,27.38247927,14,4,adv. EYTBW5IR 04,487,3,6,422,90,8.29464366,0.47585262,0.44990901,0.38686424,106
-109.9261823,27.38247927,14,5,adv. EYTBW5IR 04,486,3,6,401,80,8.2142863,0.47049959,0.44769161,0.39950011,112
-109.9261986,27.38247927,14,6,adv. EYTBW5IR 04,485,3,5,410,95,8.3526793,0.48268388,0.44211513,0.42643784,110
-109.9262149,27.38247927,14,7,adv. EYTBW5IR 04,484,3,5,427,90,7.87053681,0.4844916,0.44793492,0.42022836,112
-109.9262312,27.38247927,14,8,adv. EYTBW5IR 04,483,3,5,416,95,7.86607148,0.51293332,0.45084344,0.39104344,105
-109.9262474,27.38247927,14,9,adv. EYTBW5IR 04,482,3,5,405,95,7.66517915,0.47263325,0.41870414,0.3965453,108
-109.9262637,27.38247927,14,10,adv. EYTBW5IR 04,481,3,5,409,95,8.39285727,0.49054318,0.41809228,0.41091208,105
-109.92628,27.38247927,14,11,adv. EYTBW5IR 04,480,3,4,403,95,7.7455369,0.49201856,0.43342374,0.40944844,110
-109.9262962,27.38247927,14,12,adv. EYTBW5IR 04,479,3,4,426,90,7.94642978,0.49469388,0.42844528,0.38480927,101
-109.9263125,27.38247927,14,13,adv. EYTBW5IR 04,478,3,4,419,85,7.75000057,0.43855228,0.38411907,0.38130215,100
-109.9263288,27.38247927,14,14,adv. EYTBW5IR 04,477,3,4,412,95,8.14285736,0.47816288,0.39962384,0.3764737,97
-109.9263451,27.38247927,14,15,adv. EYTBW5IR 04,476,3,4,423,80,6.90178669,0.49600774,0.42755963,0.39641633,102
-109.9263613,27.38247927,14,16,adv.EYTBW5IR 09,915,1,3,915,90,7.21875043,0.47946265,0.40554224,0.40540967,109
-109.9263776,27.38247927,14,17,adv.EYTBW5IR 09,914,1,3,914,90,7.2812504,0.48987365,0.41479518,0.39630385,108
-109.9263939,27.38247926,14,18,adv.EYTBW5IR 09,913,1,3,913,95,6.83035737,0.47726398,0.41008925,0.39583544,106
-109.9264101,27.38247926,14,19,adv.EYTBW5IR 09,912,1,3,912,95,7.41071434,0.47875114,0.40653958,0.40775398,105
-109.9264264,27.38247926,14,20,adv.EYTBW5IR 09,911,1,3,911,95,6.67410731,0.48138261,0.40840284,0.40044498,101
-109.9264427,27.38247926,14,21,adv.EYTBW5IR 09,910,1,2,910,90,6.47098228,0.48699584,0.42987842,0.40842869,103
-109.926459,27.38247926,14,22,adv.EYTBW5IR 09,909,1,2,909,75,6.78125025,0.50735941,0.43349362,0.4048888,100
-109.9264752,27.38247926,14,23,adv.EYTBW5IR 09,908,1,2,908,95,7.35714322,0.42566095,0.37684348,0.40327004,108
-109.9264915,27.38247926,14,24,adv.EYTBW5IR 09,907,1,2,907,95,6.30133919,0.47487963,0.40646989,0.41574013,112
-109.9265078,27.38247926,14,25,adv.EYTBW5IR 09,906,1,2,906,95,7.91071416,0.46568882,0.41723227,0.40310394,112
-109.9265241,27.38247926,14,26,adv.EYTBW5IR 09,905,1,1,905,95,7.79017913,0.43769673,0.39438084,0.38032705,107
-109.9265403,27.38247926,14,27,adv.EYTBW5IR 09,904,1,1,904,95,7.2098211,0.48502402,0.42187098,0.40057405,109
-109.9265566,27.38247926,14,28,adv.EYTBW5IR 09,903,1,1,903,95,7.2276797,0.45824059,0.40125644,0.40487205,108
-109.9265729,27.38247926,14,29,adv.EYTBW5IR 09,902,1,1,902,85,7.2991074,0.47779848,0.43828837,0.40955485,106
-109.9265891,27.38247926,14,30,adv.EYTBW5IR 09,901,1,1,901,95,8.2276791,0.49498024,0.41500657,0.38582131,106
-109.9261174,27.38251131,15,1,adv. EYTBW5IR 04,461,3,1,414,90,7.20982142,0.48998446,0.44160549,0.39252899,98
-109.9261336,27.38251131,15,2,adv. EYTBW5IR 04,462,3,1,407,90,6.75446421,0.49419579,0.44467878,0.40655631,102
-109.9261499,27.38251131,15,3,adv. EYTBW5IR 04,463,3,1,413,90,7.73660739,0.47764392,0.44238875,0.40143402,105
-109.9261662,27.38251131,15,4,adv. EYTBW5IR 04,464,3,1,402,95,7.2633936,0.48037682,0.43921567,0.40838181,111
-109.9261825,27.38251131,15,5,adv. EYTBW5IR 04,465,3,1,420,80,7.3660716,0.48599571,0.42420418,0.40006729,108
-109.9261987,27.38251131,15,6,adv. EYTBW5IR 04,466,3,2,408,85,7.31250024,0.50497205,0.42020456,0.40766765,101
-109.926215,27.38251131,15,7,adv. EYTBW5IR 04,467,3,2,417,90,7.62053651,0.5067943,0.44623954,0.38944187,102
-109.9262313,27.38251131,15,8,adv. EYTBW5IR 04,468,3,2,421,95,7.72767963,0.49367057,0.42286858,0.40407041,108
-109.9262476,27.38251131,15,9,adv. EYTBW5IR 04,469,3,2,404,95,7.19642912,0.47022887,0.41578729,0.37546672,103
-109.9262638,27.38251131,15,10,adv. EYTBW5IR 04,470,3,2,415,85,7.66517945,0.50000943,0.45708927,0.39580873,115
-109.9262801,27.38251131,15,11,adv. EYTBW5IR 04,471,3,3,424,85,8.23214372,0.48191802,0.43818178,0.3968797,107
-109.9262964,27.38251131,15,12,adv. EYTBW5IR 04,472,3,3,428,95,7.65625084,0.46986036,0.43802286,0.40065197,113
-109.9263126,27.38251131,15,13,adv. EYTBW5IR 04,473,3,3,430,95,8.0044649,0.45403994,0.43156411,0.3783071,101
-109.9263289,27.38251131,15,14,adv. EYTBW5IR 04,474,3,3,425,90,7.57589375,0.48120559,0.44637117,0.39312126,109
-109.9263452,27.38251131,15,15,adv. EYTBW5IR 04,475,3,3,418,90,7.25000054,0.49931081,0.46575671,0.38880655,105
-109.9263615,27.3825113,15,16,adv.EYTBW5IR 09,916,1,4,916,95,6.84821446,0.48792001,0.44865364,0.4159064,96
-109.9263777,27.3825113,15,17,adv.EYTBW5IR 09,917,1,4,917,95,7.42857149,0.49870058,0.45914446,0.39876364,91
-109.926394,27.3825113,15,18,adv.EYTBW5IR 09,918,1,4,918,95,7.09375052,0.4770534,0.43098693,0.40477974,105
-109.9264103,27.3825113,15,19,adv.EYTBW5IR 09,919,1,4,919,95,7.83482155,0.47944952,0.40641766,0.41299914,108
-109.9264265,27.3825113,15,20,adv.EYTBW5IR 09,920,1,4,920,95,7.79464358,0.48870098,0.42781114,0.41427531,105
-109.9264428,27.3825113,15,21,adv.EYTBW5IR 09,921,1,5,921,90,6.95982161,0.4900041,0.43001975,0.38283202,103
-109.9264591,27.3825113,15,22,adv.EYTBW5IR 09,922,1,5,922,70,6.85267964,0.4798331,0.42446984,0.3903855,105
-109.9264754,27.3825113,15,23,adv.EYTBW5IR 09,923,1,5,923,90,6.85714367,0.47075747,0.40652681,0.3846466,104
-109.9264916,27.3825113,15,24,adv.EYTBW5IR 09,924,1,5,924,95,6.6160717,0.51736581,0.43483572,0.39929443,105
-109.9265079,27.3825113,15,25,adv.EYTBW5IR 09,925,1,5,925,95,7.20982173,0.47954435,0.42038633,0.39689627,110
-109.9265242,27.3825113,15,26,adv.EYTBW5IR 09,926,1,6,926,95,6.85267976,0.51015616,0.42030743,0.38667479,111
-109.9265404,27.3825113,15,27,adv.EYTBW5IR 09,927,1,6,927,95,7.39732179,0.46273419,0.38884427,0.39249372,113
-109.9265567,27.3825113,15,28,adv.EYTBW5IR 09,928,1,6,928,95,7.08928682,0.48903655,0.41841741,0.37969706,100
-109.926573,27.3825113,15,29,adv.EYTBW5IR 09,929,1,6,929,80,6.69642985,0.48923111,0.43272054,0.3885123,110
-109.9265893,27.3825113,15,30,adv.EYTBW5IR 09,930,1,6,930,90,7.33035788,0.49375096,0.43822218,0.36503975,98
-109.9261175,27.38254335,16,1,adv. EYTBW5IR 04,460,2,6,418,85,7.59375053,0.51896038,0.45826173,0.39005914,95
-109.9261338,27.38254335,16,2,adv. EYTBW5IR 04,459,2,6,424,90,7.94642971,0.48646293,0.41584802,0.39434567,100
-109.92615,27.38254335,16,3,adv. EYTBW5IR 04,458,2,6,408,95,7.48214323,0.51463898,0.45023122,0.40322372,107
-109.9261663,27.38254335,16,4,adv. EYTBW5IR 04,457,2,6,430,90,7.75892989,0.4763944,0.40388631,0.39431106,106
-109.9261826,27.38254335,16,5,adv. EYTBW5IR 04,456,2,6,411,85,7.06250032,0.48127676,0.43322101,0.4100547,107
-109.9261989,27.38254335,16,6,adv. EYTBW5IR 04,455,2,5,409,80,7.83928626,0.49585282,0.39918053,0.41384694,112
-109.9262151,27.38254335,16,7,adv. EYTBW5IR 04,454,2,5,403,90,7.8080368,0.50132441,0.43294396,0.4169432,108
-109.9262314,27.38254335,16,8,adv. EYTBW5IR 04,453,2,5,425,90,8.02678674,0.48697547,0.41869668,0.40128279,112
-109.9262477,27.38254335,16,9,adv. EYTBW5IR 04,452,2,5,420,95,8.10714359,0.50192686,0.43592802,0.40853021,103
-109.9262639,27.38254335,16,10,adv. EYTBW5IR 04,451,2,5,422,95,8.49107165,0.50054795,0.42282094,0.40053525,103
-109.9262802,27.38254335,16,11,adv. EYTBW5IR 04,450,2,4,429,90,8.70535786,0.45521734,0.42010396,0.38143715,110
-109.9262965,27.38254335,16,12,adv. EYTBW5IR 04,449,2,4,407,95,7.4241072,0.48605133,0.46411404,0.41719428,101
-109.9263128,27.38254335,16,13,adv. EYTBW5IR 04,448,2,4,401,95,8.7142862,0.48173782,0.43917471,0.3983073,103
-109.926329,27.38254334,16,14,adv. EYTBW5IR 04,447,2,4,419,95,7.83482156,0.44088419,0.44058395,0.39115155,104
-109.9263453,27.38254334,16,15,adv. EYTBW5IR 04,446,2,4,404,90,7.79910711,0.4659665,0.44968516,0.37515017,104
-109.9263616,27.38254334,16,16,adv.EYTBW5IR 09,945,2,3,926,90,7.41517977,0.50920765,0.46516241,0.39260071,97
-109.9263778,27.38254334,16,17,adv.EYTBW5IR 09,944,2,3,916,90,6.78125047,0.49955862,0.45062746,0.42145387,96
-109.9263941,27.38254334,16,18,adv.EYTBW5IR 09,943,2,3,921,75,6.77678662,0.50080853,0.45192668,0.38896363,107
-109.9264104,27.38254334,16,19,adv.EYTBW5IR 09,942,2,3,914,95,7.47321441,0.47499456,0.41963411,0.39007945,116
-109.9264267,27.38254334,16,20,adv.EYTBW5IR 09,941,2,3,913,95,6.78571438,0.48546104,0.42690518,0.39876064,115
-109.9264429,27.38254334,16,21,adv.EYTBW5IR 09,940,2,2,905,95,7.75892914,0.45263274,0.39615253,0.38176035,119
-109.9264592,27.38254334,16,22,adv.EYTBW5IR 09,939,2,2,928,90,7.30803683,0.48279215,0.41971217,0.40178213,117
-109.9264755,27.38254334,16,23,adv.EYTBW5IR 09,938,2,2,906,95,7.70535717,0.48856946,0.40859522,0.41171978,115
-109.9264917,27.38254334,16,24,adv.EYTBW5IR 09,937,2,2,923,90,7.58482168,0.49136531,0.41165086,0.39399309,114
-109.926508,27.38254334,16,25,adv.EYTBW5IR 09,936,2,2,917,95,7.5223215,0.50378132,0.44453045,0.40508465,109
-109.9265243,27.38254334,16,26,adv.EYTBW5IR 09,935,2,1,912,95,7.49553635,0.47926389,0.42144488,0.40831975,113
-109.9265406,27.38254334,16,27,adv.EYTBW5IR 09,934,2,1,915,95,7.48214344,0.463159,0.39530534,0.39593598,107
-109.9265568,27.38254334,16,28,adv.EYTBW5IR 09,933,2,1,902,95,7.2008935,0.48927724,0.42930128,0.40425101,111
-109.9265731,27.38254334,16,29,adv.EYTBW5IR 09,932,2,1,910,80,6.66517929,0.48139672,0.42177848,0.40725194,98
-109.9265894,27.38254333,16,30,adv.EYTBW5IR 09,931,2,1,927,90,7.3169648,0.46515767,0.38402878,0.38320078,91
-109.9261176,27.38257539,17,1,adv. EYTBW5IR 04,431,2,1,427,85,7.8080368,0.48252621,0.45165883,0.39902354,103
-109.9261339,27.38257539,17,2,adv. EYTBW5IR 04,432,2,1,410,95,7.81250029,0.50349417,0.44173699,0.41674621,105
-109.9261502,27.38257539,17,3,adv. EYTBW5IR 04,433,2,1,402,90,7.3125005,0.50205051,0.44870832,0.40781167,103
-109.9261664,27.38257539,17,4,adv. EYTBW5IR 04,434,2,1,415,85,7.66964344,0.49796009,0.44545884,0.40236672,111
-109.9261827,27.38257539,17,5,adv. EYTBW5IR 04,435,2,1,412,90,7.90178635,0.47558038,0.41703135,0.38130332,110
-109.926199,27.38257539,17,6,adv. EYTBW5IR 04,436,2,2,417,90,7.6785715,0.50365175,0.45150725,0.39742027,104
-109.9262152,27.38257539,17,7,adv. EYTBW5IR 04,437,2,2,423,80,7.87500068,0.49177594,0.44879173,0.39111779,109
-109.9262315,27.38257539,17,8,adv. EYTBW5IR 04,438,2,2,406,90,6.99553617,0.48991431,0.42158934,0.39878602,102
-109.9262478,27.38257539,17,9,adv. EYTBW5IR 04,439,2,2,428,90,7.55803683,0.47810228,0.41548858,0.38916982,109
-109.9262641,27.38257539,17,10,adv. EYTBW5IR 04,440,2,2,405,90,7.40625014,0.47207115,0.41665136,0.38854659,100
-109.9262803,27.38257539,17,11,adv. EYTBW5IR 04,441,2,3,413,95,7.83482138,0.48703066,0.43928265,0.40056323,100
-109.9262966,27.38257539,17,12,adv. EYTBW5IR 04,442,2,3,414,95,7.58928641,0.49327501,0.44525814,0.39737579,96
-109.9263129,27.38257538,17,13,adv. EYTBW5IR 04,443,2,3,421,95,7.81250062,0.48807453,0.4443914,0.40854823,107
-109.9263291,27.38257538,17,14,adv. EYTBW5IR 04,444,2,3,416,95,7.36160747,0.51393052,0.44989288,0.38891433,105
-109.9263454,27.38257538,17,15,adv. EYTBW5IR 04,445,2,3,426,90,7.83928677,0.50539105,0.45136283,0.38323051,114
-109.9263617,27.38257538,17,16,adv.EYTBW5IR 09,946,2,4,904,95,6.72321411,0.51300427,0.45615155,0.39825638,111
-109.926378,27.38257538,17,17,adv.EYTBW5IR 09,947,2,4,919,90,8.08482156,0.49340824,0.42922675,0.41190915,113
-109.9263942,27.38257538,17,18,adv.EYTBW5IR 09,948,2,4,901,85,7.8035712,0.48435963,0.43270157,0.39646559,107
-109.9264105,27.38257538,17,19,adv.EYTBW5IR 09,949,2,4,907,95,7.0446432,0.46491766,0.39330389,0.41016125,108
-109.9264268,27.38257538,17,20,adv.EYTBW5IR 09,950,2,4,929,95,6.88839386,0.48255933,0.41683898,0.40039042,103
-109.926443,27.38257538,17,21,adv.EYTBW5IR 09,951,2,5,922,90,6.98660765,0.48388792,0.41328038,0.39165999,111
-109.9264593,27.38257538,17,22,adv.EYTBW5IR 09,952,2,5,920,95,8.12053659,0.49967985,0.43103332,0.41264704,111
-109.9264756,27.38257538,17,23,adv.EYTBW5IR 09,953,2,5,925,95,6.75892974,0.47163124,0.40759087,0.40030539,113
-109.9264919,27.38257538,17,24,adv.EYTBW5IR 09,954,2,5,903,95,7.6919648,0.45223077,0.38751477,0.41410921,116
-109.9265081,27.38257538,17,25,adv.EYTBW5IR 09,955,2,5,909,95,6.85267926,0.48203534,0.44577456,0.39827323,113
-109.9265244,27.38257538,17,26,adv.EYTBW5IR 09,956,2,6,911,95,7.26785732,0.46388611,0.41972988,0.3946793,115
-109.9265407,27.38257538,17,27,adv.EYTBW5IR 09,957,2,6,930,95,7.36160789,0.48239853,0.41664437,0.37486289,116
-109.9265569,27.38257537,17,28,adv.EYTBW5IR 09,958,2,6,908,95,6.78571423,0.42246123,0.37296484,0.3912412,113
-109.9265732,27.38257537,17,29,adv.EYTBW5IR 09,959,2,6,924,80,6.68080471,0.49985578,0.43886268,0.40245152,109
-109.9265895,27.38257537,17,30,adv.EYTBW5IR 09,960,2,6,918,90,7.44196453,0.4737937,0.41394497,0.40422726,105
-109.9261177,27.38260743,18,1,adv. EYTBW5IR 04,430,1,6,430,85,7.68303688,0.4579405,0.418414,0.38045354,107
-109.926134,27.38260743,18,2,adv. EYTBW5IR 04,429,1,6,429,90,7.49107185,0.4825246,0.41401687,0.39172277,104
-109.9261503,27.38260743,18,3,adv. EYTBW5IR 04,428,1,6,428,80,7.58035782,0.45094301,0.40452502,0.39730519,112
-109.9261665,27.38260743,18,4,adv. EYTBW5IR 04,427,1,6,427,85,7.28125079,0.49174394,0.44217219,0.41320684,104
-109.9261828,27.38260743,18,5,adv. EYTBW5IR 04,426,1,6,426,90,7.95089376,0.51385538,0.44471286,0.39288638,102
-109.9261991,27.38260743,18,6,adv. EYTBW5IR 04,425,1,5,425,90,8.01785773,0.48132015,0.41826687,0.40239091,108
-109.9262154,27.38260743,18,7,adv. EYTBW5IR 04,424,1,5,424,80,7.8348217,0.47972983,0.42456625,0.3989463,107
-109.9262316,27.38260743,18,8,adv. EYTBW5IR 04,423,1,5,423,95,7.57589367,0.50542206,0.44177899,0.38927616,102
-109.9262479,27.38260743,18,9,adv. EYTBW5IR 04,422,1,5,422,80,8.03571464,0.48281074,0.41082738,0.37929772,102
-109.9262642,27.38260743,18,10,adv. EYTBW5IR 04,421,1,5,421,95,7.94196461,0.49680879,0.43560895,0.41454954,105
-109.9262804,27.38260742,18,11,adv. EYTBW5IR 04,420,1,4,420,95,8.04464358,0.49500668,0.43145461,0.41098348,104
-109.9262967,27.38260742,18,12,adv. EYTBW5IR 04,419,1,4,419,95,7.74107155,0.43835762,0.39170364,0.38939824,103
-109.926313,27.38260742,18,13,adv. EYTBW5IR 04,418,1,4,418,95,7.83482152,0.50076563,0.43865033,0.3932962,100
-109.9263293,27.38260742,18,14,adv. EYTBW5IR 04,417,1,4,417,95,7.43303649,0.4947871,0.44832775,0.38565388,102
-109.9263455,27.38260742,18,15,adv. EYTBW5IR 04,416,1,4,416,95,7.86160746,0.49953743,0.43983954,0.38356111,106
-109.9263618,27.38260742,18,16,adv.EYTBW5IR 09,975,3,3,918,95,7.53125054,0.47958864,0.42288826,0.41783098,111
-109.9263781,27.38260742,18,17,adv.EYTBW5IR 09,974,3,3,925,95,7.05803675,0.47026402,0.42149422,0.40121374,101
-109.9263943,27.38260742,18,18,adv.EYTBW5IR 09,973,3,3,930,85,7.1071439,0.50198571,0.44580632,0.37841444,98
-109.9264106,27.38260742,18,19,adv.EYTBW5IR 09,972,3,3,928,95,7.04464384,0.49077421,0.4275973,0.39088346,103
-109.9264269,27.38260742,18,20,adv.EYTBW5IR 09,971,3,3,924,80,6.78571472,0.51479439,0.442644,0.40286617,100
-109.9264432,27.38260742,18,21,adv.EYTBW5IR 09,970,3,2,915,95,7.30803645,0.47097693,0.39189112,0.40198579,118
-109.9264594,27.38260742,18,22,adv.EYTBW5IR 09,969,3,2,904,95,7.16964312,0.49217035,0.41694734,0.3956164,123
-109.9264757,27.38260742,18,23,adv.EYTBW5IR 09,968,3,2,921,95,7.47321463,0.5030267,0.41104203,0.38522613,118
-109.926492,27.38260742,18,24,adv.EYTBW5IR 09,967,3,2,917,95,7.27678651,0.49568557,0.42513722,0.39843528,114
-109.9265082,27.38260742,18,25,adv.EYTBW5IR 09,966,3,2,908,95,7.22321424,0.44871738,0.35584325,0.41286878,116
-109.9265245,27.38260742,18,26,adv.EYTBW5IR 09,965,3,1,920,90,7.8526796,0.49473298,0.42721421,0.41390112,111
-109.9265408,27.38260741,18,27,adv.EYTBW5IR 09,964,3,1,902,95,7.4553576,0.4859777,0.42978668,0.41025973,116
-109.9265571,27.38260741,18,28,adv.EYTBW5IR 09,963,3,1,913,95,7.20535739,0.45791704,0.40796311,0.38391851,110
-109.9265733,27.38260741,18,29,adv.EYTBW5IR 09,962,3,1,907,80,6.22544621,0.46929351,0.40358489,0.4135772,115
-109.9265896,27.38260741,18,30,adv.EYTBW5IR 09,961,3,1,914,90,6.99553642,0.46759385,0.39872308,0.38640395,108
-109.9261178,27.38263947,19,1,adv. EYTBW5IR 04,401,1,1,401,90,8.6383931,0.4772342,0.42957578,0.39580496,113
-109.9261341,27.38263947,19,2,adv. EYTBW5IR 04,402,1,1,402,95,7.5223214,0.49706134,0.43607883,0.40804719,102
-109.9261504,27.38263947,19,3,adv. EYTBW5IR 04,403,1,1,403,90,7.4642867,0.4919541,0.42724275,0.40634698,106
-109.9261667,27.38263947,19,4,adv. EYTBW5IR 04,404,1,1,404,95,7.5580361,0.4772515,0.41104298,0.37447933,104
-109.9261829,27.38263947,19,5,adv. EYTBW5IR 04,405,1,1,405,95,7.46875013,0.4722111,0.41835525,0.39772378,96
-109.9261992,27.38263947,19,6,adv. EYTBW5IR 04,406,1,2,406,90,7.24107116,0.47305295,0.44233159,0.40144765,100
-109.9262155,27.38263947,19,7,adv. EYTBW5IR 04,407,1,2,407,90,7.30803619,0.48857482,0.44655386,0.41427348,109
-109.9262317,27.38263947,19,8,adv. EYTBW5IR 04,408,1,2,408,90,7.84821422,0.5095017,0.45731501,0.40691891,101
-109.926248,27.38263946,19,9,adv. EYTBW5IR 04,409,1,2,409,85,8.32589325,0.47899396,0.42559158,0.41311464,105
-109.9262643,27.38263946,19,10,adv. EYTBW5IR 04,410,1,2,410,90,8.39732128,0.47920371,0.42109845,0.41565955,104
-109.9262806,27.38263946,19,11,adv. EYTBW5IR 04,411,1,3,411,90,7.67410731,0.47591721,0.41808325,0.40432418,102
-109.9262968,27.38263946,19,12,adv. EYTBW5IR 04,412,1,3,412,95,8.49553634,0.48010749,0.41498363,0.37598973,102
-109.9263131,27.38263946,19,13,adv. EYTBW5IR 04,413,1,3,413,90,7.54464337,0.48150024,0.3994211,0.40464647,101
-109.9263294,27.38263946,19,14,adv. EYTBW5IR 04,414,1,3,414,95,7.6473214,0.49800157,0.42025937,0.39686341,96
-109.9263456,27.38263946,19,15,adv. EYTBW5IR 04,415,1,3,415,90,8.02232143,0.5110088,0.42839384,0.40158093,115
-109.9263619,27.38263946,19,16,adv.EYTBW5IR 09,976,3,4,923,90,7.75000069,0.48938945,0.42968999,0.40458364,110
-109.9263782,27.38263946,19,17,adv.EYTBW5IR 09,977,3,4,912,95,7.31250036,0.48911498,0.4117347,0.43800404,102
-109.9263945,27.38263946,19,18,adv.EYTBW5IR 09,978,3,4,919,90,8.41071457,0.49051291,0.42697913,0.41768097,101
-109.9264107,27.38263946,19,19,adv.EYTBW5IR 09,979,3,4,926,95,6.83928678,0.50278686,0.42763708,0.40269245,109
-109.926427,27.38263946,19,20,adv.EYTBW5IR 09,980,3,4,903,95,7.4553579,0.45553581,0.40378658,0.41072644,99
-109.9264433,27.38263946,19,21,adv.EYTBW5IR 09,981,3,5,909,95,6.41294627,0.49328725,0.44296142,0.40227194,116
-109.9264596,27.38263946,19,22,adv.EYTBW5IR 09,982,3,5,905,95,8.45982115,0.44479806,0.38728339,0.37366551,103
-109.9264758,27.38263946,19,23,adv.EYTBW5IR 09,983,3,5,916,95,7.29017948,0.4842846,0.42375488,0.41792696,119
-109.9264921,27.38263946,19,24,adv.EYTBW5IR 09,984,3,5,927,90,7.34375081,0.46763439,0.36020904,0.38764009,109
-109.9265084,27.38263945,19,25,adv.EYTBW5IR 09,985,3,5,910,95,7.1160713,0.48643641,0.41488316,0.41715874,116
-109.9265246,27.38263945,19,26,adv.EYTBW5IR 09,986,3,6,901,95,8.3750003,0.48430207,0.41017781,0.3977406,112
-109.9265409,27.38263945,19,27,adv.EYTBW5IR 09,987,3,6,922,85,6.60491166,0.47185606,0.40991284,0.38941239,106
-109.9265572,27.38263945,19,28,adv.EYTBW5IR 09,988,3,6,929,95,7.25892987,0.47036579,0.41664269,0.38931448,117
-109.9265735,27.38263945,19,29,adv.EYTBW5IR 09,989,3,6,911,95,7.21428633,0.46430936,0.41621673,0.40134385,121
-109.9265897,27.38263945,19,30,adv.EYTBW5IR 09,990,3,6,906,90,7.28125018,0.47706544,0.40581014,0.39834744,101
-109.926118,27.38267151,20,1,adv. EYTBW5IR 03,390,3,6,306,80,7.52232118,0.44597118,0.4521369,0.38512987,105
-109.9261342,27.38267151,20,2,adv. EYTBW5IR 03,389,3,6,311,90,7.51785733,0.4839164,0.4271403,0.40612836,111
-109.9261505,27.38267151,20,3,adv. EYTBW5IR 03,388,3,6,329,90,7.28571487,0.49541852,0.4541811,0.41087142,110
-109.9261668,27.38267151,20,4,adv. EYTBW5IR 03,387,3,6,322,90,7.22321466,0.5192121,0.45956135,0.43778237,113
-109.9261831,27.38267151,20,5,adv. EYTBW5IR 03,386,3,6,301,90,8.1651793,0.50373228,0.42640254,0.40186091,101
-109.9261993,27.38267151,20,6,adv. EYTBW5IR 03,385,3,5,310,90,7.7812503,0.47889149,0.4121804,0.41206818,114
-109.9262156,27.3826715,20,7,adv. EYTBW5IR 03,384,3,5,327,90,7.95089381,0.50036381,0.4486114,0.40593973,100
-109.9262319,27.3826715,20,8,adv. EYTBW5IR 03,383,3,5,316,90,7.61607148,0.46919335,0.39871199,0.41346344,113
-109.9262481,27.3826715,20,9,adv. EYTBW5IR 03,382,3,5,305,95,7.93750015,0.48254851,0.42896952,0.39294241,96
-109.9262644,27.3826715,20,10,adv. EYTBW5IR 03,381,3,5,309,95,7.59375027,0.48142604,0.43101919,0.4131085,110
-109.9262807,27.3826715,20,11,adv. EYTBW5IR 03,380,3,4,303,90,8.4285719,0.44699833,0.38088167,0.38507436,108
-109.926297,27.3826715,20,12,adv. EYTBW5IR 03,379,3,4,326,95,7.45982178,0.49195075,0.40544175,0.39667904,110
-109.9263132,27.3826715,20,13,adv. EYTBW5IR 03,378,3,4,319,95,7.81696457,0.46335312,0.38444497,0.40868914,98
-109.9263295,27.3826715,20,14,adv. EYTBW5IR 03,377,3,4,312,95,7.62946436,0.46833726,0.41531491,0.4312601,107
-109.9263458,27.3826715,20,15,adv. EYTBW5IR 03,376,3,4,323,90,7.70535769,0.47580687,0.3991399,0.40242831,105
-109.926362,27.3826715,20,16,adv.EYTBW5IR 10,1015,1,3,1015,90,7.88839343,0.50910528,0.42019056,0.41478152,105
-109.9263783,27.3826715,20,17,adv.EYTBW5IR 10,1014,1,3,1014,95,8.3392864,0.49023155,0.42357471,0.41203852,106
-109.9263946,27.3826715,20,18,adv.EYTBW5IR 10,1013,1,3,1013,95,8.04017937,0.4883661,0.42487042,0.39473771,109
-109.9264109,27.3826715,20,19,adv.EYTBW5IR 10,1012,1,3,1012,95,7.61607134,0.45164795,0.38946253,0.39128664,106
-109.9264271,27.3826715,20,20,adv.EYTBW5IR 10,1011,1,3,1011,95,7.35714331,0.48240085,0.40082242,0.41835177,104
-109.9264434,27.3826715,20,21,adv.EYTBW5IR 10,1010,1,2,1010,95,6.77678628,0.47386969,0.42201827,0.40872593,104
-109.9264597,27.3826715,20,22,adv.EYTBW5IR 10,1009,1,2,1009,95,6.21875025,0.48472954,0.42130397,0.41457118,112
-109.9264759,27.38267149,20,23,adv.EYTBW5IR 10,1008,1,2,1008,95,7.64732122,0.46193861,0.40698711,0.39368954,113
-109.9264922,27.38267149,20,24,adv.EYTBW5IR 10,1007,1,2,1007,95,7.37500019,0.47895981,0.40013938,0.37907559,106
-109.9265085,27.38267149,20,25,adv.EYTBW5IR 10,1006,1,2,1006,95,7.72321416,0.45948256,0.39060186,0.38233976,115
-109.9265248,27.38267149,20,26,adv.EYTBW5IR 10,1005,1,1,1005,95,7.66517913,0.48624954,0.42189558,0.40958418,112
-109.926541,27.38267149,20,27,adv.EYTBW5IR 10,1004,1,1,1004,85,6.3125001,0.49612523,0.42590946,0.38876841,105
-109.9265573,27.38267149,20,28,adv.EYTBW5IR 10,1003,1,1,1003,95,7.7857147,0.49733439,0.43919083,0.38214169,103
-109.9265736,27.38267149,20,29,adv.EYTBW5IR 10,1002,1,1,1002,95,7.2633934,0.48918851,0.43443239,0.4136655,106
-109.9265898,27.38267149,20,30,adv.EYTBW5IR 10,1001,1,1,1001,90,7.4955361,0.49750785,0.40387114,0.3834069,103
-109.9261181,27.38270355,21,1,adv. EYTBW5IR 03,361,3,1,314,85,7.47321442,0.47935064,0.448679,0.40695185,101
-109.9261344,27.38270355,21,2,adv. EYTBW5IR 03,362,3,1,307,85,7.39732121,0.49488746,0.42546168,0.42160385,107
-109.9261506,27.38270355,21,3,adv. EYTBW5IR 03,363,3,1,313,95,7.69642939,0.48281298,0.43950824,0.40872112,106
-109.9261669,27.38270355,21,4,adv. EYTBW5IR 03,364,3,1,302,90,7.5223216,0.50752531,0.44682577,0.41936946,108
-109.9261832,27.38270354,21,5,adv. EYTBW5IR 03,365,3,1,320,85,7.2098216,0.53441861,0.48692391,0.44456481,105
-109.9261994,27.38270354,21,6,adv. EYTBW5IR 03,366,3,2,308,90,7.42410724,0.49767484,0.43788798,0.40339524,112
-109.9262157,27.38270354,21,7,adv. EYTBW5IR 03,367,3,2,317,75,7.12946451,0.492575,0.4385247,0.41017029,103
-109.926232,27.38270354,21,8,adv. EYTBW5IR 03,368,3,2,321,95,7.84375063,0.50609295,0.43149649,0.38449977,101
-109.9262483,27.38270354,21,9,adv. EYTBW5IR 03,369,3,2,304,95,7.86160712,0.51152003,0.43868624,0.39914701,110
-109.9262645,27.38270354,21,10,adv. EYTBW5IR 03,370,3,2,315,95,7.77678645,0.49335355,0.41267214,0.41956648,102
-109.9262808,27.38270354,21,11,adv. EYTBW5IR 03,371,3,3,324,90,7.24107172,0.48025872,0.40612506,0.40548114,109
-109.9262971,27.38270354,21,12,adv. EYTBW5IR 03,372,3,3,328,95,7.04464384,0.50347815,0.41105252,0.41144722,103
-109.9263133,27.38270354,21,13,adv. EYTBW5IR 03,373,3,3,330,95,8.2991079,0.45582409,0.3759607,0.38150394,100
-109.9263296,27.38270354,21,14,adv. EYTBW5IR 03,374,3,3,325,95,6.85267975,0.48098617,0.39036474,0.39927941,113
-109.9263459,27.38270354,21,15,adv. EYTBW5IR 03,375,3,3,318,95,6.99553654,0.48337794,0.42015069,0.41090303,114
-109.9263622,27.38270354,21,16,adv.EYTBW5IR 10,1016,1,4,1016,95,8.08482146,0.50020354,0.4116908,0.41149793,102
-109.9263784,27.38270354,21,17,adv.EYTBW5IR 10,1017,1,4,1017,95,7.56250049,0.47096021,0.39422025,0.39176245,109
-109.9263947,27.38270354,21,18,adv.EYTBW5IR 10,1018,1,4,1018,90,6.34821452,0.46948036,0.39769088,0.3852877,103
-109.926411,27.38270354,21,19,adv.EYTBW5IR 10,1019,1,4,1019,90,7.38392955,0.51601882,0.45019495,0.43165733,105
-109.9264272,27.38270354,21,20,adv.EYTBW5IR 10,1020,1,4,1020,95,7.64732158,0.51169731,0.44799689,0.40447019,106
-109.9264435,27.38270354,21,21,adv.EYTBW5IR 10,1021,1,5,1021,95,7.75000061,0.49299893,0.4125089,0.38928493,108
-109.9264598,27.38270353,21,22,adv.EYTBW5IR 10,1022,1,5,1022,95,7.37946464,0.43740986,0.37184861,0.40134462,108
-109.9264761,27.38270353,21,23,adv.EYTBW5IR 10,1023,1,5,1023,95,7.66517967,0.47008745,0.39094046,0.39280192,110
-109.9264923,27.38270353,21,24,adv.EYTBW5IR 10,1024,1,5,1024,90,7.1339297,0.47780407,0.39003336,0.39839131,109
-109.9265086,27.38270353,21,25,adv.EYTBW5IR 10,1025,1,5,1025,95,7.71428673,0.50334842,0.43368966,0.42039422,105
-109.9265249,27.38270353,21,26,adv.EYTBW5IR 10,1026,1,6,1026,95,7.26339376,0.49096161,0.40754391,0.38861284,107
-109.9265411,27.38270353,21,27,adv.EYTBW5IR 10,1027,1,6,1027,95,7.71428679,0.49153572,0.40122548,0.39341439,115
-109.9265574,27.38270353,21,28,adv.EYTBW5IR 10,1028,1,6,1028,95,6.68080482,0.47914013,0.41045183,0.38397137,107
-109.9265737,27.38270353,21,29,adv.EYTBW5IR 10,1029,1,6,1029,90,6.18750085,0.46036328,0.39875579,0.39139061,112
-109.92659,27.38270353,21,30,adv.EYTBW5IR 10,1030,1,6,1030,90,7.20982188,0.45394031,0.37349515,0.39023723,103
-109.9261182,27.38273559,22,1,adv. EYTBW5IR 03,360,2,6,318,85,7.98660753,0.47916997,0.43916364,0.39241591,103
-109.9261345,27.38273559,22,2,adv. EYTBW5IR 03,359,2,6,324,85,6.69196471,0.49197636,0.41252919,0.40956483,106
-109.9261507,27.38273559,22,3,adv. EYTBW5IR 03,358,2,6,308,95,7.28125023,0.48975952,0.44963421,0.39789186,104
-109.926167,27.38273558,22,4,adv. EYTBW5IR 03,357,2,6,330,90,7.58035789,0.49050943,0.42157213,0.39850155,103
-109.9261833,27.38273558,22,5,adv. EYTBW5IR 03,356,2,6,311,90,7.55803632,0.48525896,0.43103694,0.40159343,111
-109.9261996,27.38273558,22,6,adv. EYTBW5IR 03,355,2,5,309,95,7.62053626,0.46336637,0.43440978,0.41669948,112
-109.9262158,27.38273558,22,7,adv. EYTBW5IR 03,354,2,5,303,95,8.3437508,0.44311673,0.39632782,0.37979436,107
-109.9262321,27.38273558,22,8,adv. EYTBW5IR 03,353,2,5,325,90,7.00446474,0.5037082,0.43212904,0.40152012,104
-109.9262484,27.38273558,22,9,adv. EYTBW5IR 03,352,2,5,320,90,7.21428659,0.53547777,0.46394928,0.43646935,110
-109.9262646,27.38273558,22,10,adv. EYTBW5IR 03,351,2,5,322,95,7.25000065,0.50897648,0.44485771,0.42461873,108
-109.9262809,27.38273558,22,11,adv. EYTBW5IR 03,350,2,4,329,90,7.85267986,0.50222689,0.42461692,0.40962457,100
-109.9262972,27.38273558,22,12,adv. EYTBW5IR 03,349,2,4,307,90,7.9062502,0.49467713,0.4081223,0.42854617,107
-109.9263135,27.38273558,22,13,adv. EYTBW5IR 03,348,2,4,301,95,8.3303572,0.49189129,0.39985999,0.39597382,105
-109.9263297,27.38273558,22,14,adv. EYTBW5IR 03,347,2,4,319,95,7.54464356,0.47560227,0.38912436,0.41606187,122
-109.926346,27.38273558,22,15,adv. EYTBW5IR 03,346,2,4,304,95,7.54464311,0.49619895,0.40946182,0.40257136,112
-109.9263623,27.38273558,22,16,adv.EYTBW5IR 10,1045,2,3,1026,95,7.89732177,0.48952063,0.40919691,0.40375037,116
-109.9263785,27.38273558,22,17,adv.EYTBW5IR 10,1044,2,3,1016,95,8.00892947,0.51352894,0.41258223,0.40793642,111
-109.9263948,27.38273558,22,18,adv.EYTBW5IR 10,1043,2,3,1021,95,7.51785762,0.48804181,0.41608117,0.38720959,116
-109.9264111,27.38273558,22,19,adv.EYTBW5IR 10,1042,2,3,1014,95,8.04464341,0.48830103,0.41868006,0.41253397,117
-109.9264274,27.38273557,22,20,adv.EYTBW5IR 10,1041,2,3,1013,95,7.87053638,0.48742851,0.40882212,0.3920176,106
-109.9264436,27.38273557,22,21,adv.EYTBW5IR 10,1040,2,2,1005,95,7.80803614,0.47273876,0.39903426,0.39388184,109
-109.9264599,27.38273557,22,22,adv.EYTBW5IR 10,1039,2,2,1028,90,7.29464383,0.47673025,0.41006286,0.39558998,109
-109.9264762,27.38273557,22,23,adv.EYTBW5IR 10,1038,2,2,1006,95,7.84375017,0.45089195,0.39799142,0.38832611,110
-109.9264924,27.38273557,22,24,adv.EYTBW5IR 10,1037,2,2,1023,95,7.33928668,0.47095121,0.39858973,0.39469152,112
-109.9265087,27.38273557,22,25,adv.EYTBW5IR 10,1036,2,2,1017,95,7.4285715,0.4824276,0.40119586,0.3939591,101
-109.926525,27.38273557,22,26,adv.EYTBW5IR 10,1035,2,1,1012,95,7.83035735,0.44954881,0.38556745,0.38738214,103
-109.9265413,27.38273557,22,27,adv.EYTBW5IR 10,1034,2,1,1015,90,7.97767944,0.48905158,0.42047795,0.39657878,104
-109.9265575,27.38273557,22,28,adv.EYTBW5IR 10,1033,2,1,1002,95,7.5491075,0.4759235,0.429852,0.39913245,103
-109.9265738,27.38273557,22,29,adv.EYTBW5IR 10,1032,2,1,1010,95,7.45535729,0.45991889,0.38969289,0.40360292,101
-109.9265901,27.38273557,22,30,adv.EYTBW5IR 10,1031,2,1,1027,95,6.9107148,0.48489112,0.38997498,0.39247415,112
-109.9261183,27.38276763,23,1,adv. EYTBW5IR 03,331,2,1,327,80,7.0848218,0.48912807,0.45339068,0.40268098,110
-109.9261346,27.38276762,23,2,adv. EYTBW5IR 03,332,2,1,310,90,7.54910729,0.46310224,0.41364078,0.39647589,112
-109.9261509,27.38276762,23,3,adv. EYTBW5IR 03,333,2,1,302,95,7.1785715,0.5026011,0.45977087,0.41751242,100
-109.9261671,27.38276762,23,4,adv. EYTBW5IR 03,334,2,1,315,95,7.41071444,0.48504021,0.42594564,0.4248666,102
-109.9261834,27.38276762,23,5,adv. EYTBW5IR 03,335,2,1,312,95,7.50892935,0.47722958,0.41657768,0.42368299,107
-109.9261997,27.38276762,23,6,adv. EYTBW5IR 03,336,2,2,317,85,6.8794645,0.48124287,0.42616566,0.41575814,107
-109.9262159,27.38276762,23,7,adv. EYTBW5IR 03,337,2,2,323,95,7.06250068,0.4585,0.41447776,0.40331993,109
-109.9262322,27.38276762,23,8,adv. EYTBW5IR 03,338,2,2,306,90,7.09375017,0.47994165,0.40478344,0.38715117,104
-109.9262485,27.38276762,23,9,adv. EYTBW5IR 03,339,2,2,328,95,7.45089383,0.51488836,0.43037069,0.41433906,103
-109.9262648,27.38276762,23,10,adv. EYTBW5IR 03,340,2,2,305,95,7.56696414,0.47818191,0.41235562,0.38447401,107
-109.926281,27.38276762,23,11,adv. EYTBW5IR 03,341,2,3,313,95,7.84821438,0.47708889,0.4090152,0.40929845,106
-109.9262973,27.38276762,23,12,adv. EYTBW5IR 03,342,2,3,314,95,7.84375041,0.48363907,0.40512518,0.41815608,106
-109.9263136,27.38276762,23,13,adv. EYTBW5IR 03,343,2,3,321,95,7.81696462,0.47537131,0.3901492,0.37953278,101
-109.9263298,27.38276762,23,14,adv. EYTBW5IR 03,344,2,3,316,95,8.03125047,0.46286487,0.36868921,0.40208983,104
-109.9263461,27.38276762,23,15,adv. EYTBW5IR 03,345,2,3,326,95,7.68303677,0.51601773,0.41858004,0.39235259,104
-109.9263624,27.38276762,23,16,adv.EYTBW5IR 10,1046,2,4,1004,95,7.59821411,0.49745377,0.41593916,0.40720258,101
-109.9263787,27.38276762,23,17,adv.EYTBW5IR 10,1047,2,4,1019,95,7.68750056,0.5254184,0.44899082,0.4287623,94
-109.9263949,27.38276761,23,18,adv.EYTBW5IR 10,1048,2,4,1001,95,8.2098212,0.48686944,0.41399186,0.39808802,107
-109.9264112,27.38276761,23,19,adv.EYTBW5IR 10,1049,2,4,1007,95,7.5178572,0.46911023,0.40074987,0.38111793,101
-109.9264275,27.38276761,23,20,adv.EYTBW5IR 10,1050,2,4,1029,95,6.74107186,0.46676473,0.39156939,0.40828134,103
-109.9264437,27.38276761,23,21,adv.EYTBW5IR 10,1051,2,5,1022,95,6.83482165,0.43853542,0.39290673,0.40142887,113
-109.92646,27.38276761,23,22,adv.EYTBW5IR 10,1052,2,5,1020,95,8.04910759,0.50729512,0.44394077,0.40116795,102
-109.9264763,27.38276761,23,23,adv.EYTBW5IR 10,1053,2,5,1025,95,7.09821474,0.49757851,0.42629056,0.41614754,108
-109.9264926,27.38276761,23,24,adv.EYTBW5IR 10,1054,2,5,1003,95,7.6250008,0.51618785,0.43095865,0.39756404,118
-109.9265088,27.38276761,23,25,adv.EYTBW5IR 10,1055,2,5,1009,95,7.29017926,0.49434613,0.419905,0.41687236,95
-109.9265251,27.38276761,23,26,adv.EYTBW5IR 10,1056,2,6,1011,95,7.54464332,0.50576479,0.41031716,0.42145903,95
-109.9265414,27.38276761,23,27,adv.EYTBW5IR 10,1057,2,6,1030,95,7.56250089,0.47919131,0.38534787,0.40765065,85
-109.9265577,27.38276761,23,28,adv.EYTBW5IR 10,1058,2,6,1008,95,7.26339323,0.48854632,0.40694952,0.39403123,109
-109.9265739,27.38276761,23,29,adv.EYTBW5IR 10,1059,2,6,1024,90,7.44642971,0.48076617,0.38847171,0.39560892,115
-109.9265902,27.38276761,23,30,adv.EYTBW5IR 10,1060,2,6,1018,85,6.57812553,0.46283405,0.38584032,0.37294416,115
-109.9261184,27.38279966,24,1,adv. EYTBW5IR 03,330,1,6,330,80,6.26562588,0.46749864,0.44233546,0.39216423,99
-109.9261347,27.38279966,24,2,adv. EYTBW5IR 03,329,1,6,329,90,6.48883985,0.50481958,0.45255344,0.40789418,101
-109.926151,27.38279966,24,3,adv. EYTBW5IR 03,328,1,6,328,90,7.31250082,0.50002687,0.45641714,0.40630543,100
-109.9261672,27.38279966,24,4,adv. EYTBW5IR 03,327,1,6,327,95,7.04464379,0.49841952,0.43792709,0.41356556,106
-109.9261835,27.38279966,24,5,adv. EYTBW5IR 03,326,1,6,326,95,7.62946476,0.51349057,0.41984643,0.39738211,108
-109.9261998,27.38279966,24,6,adv. EYTBW5IR 03,325,1,5,325,95,7.11607173,0.4918357,0.43799302,0.40249112,107
-109.9262161,27.38279966,24,7,adv. EYTBW5IR 03,324,1,5,324,95,7.4330367,0.49074929,0.42358705,0.39604036,109
-109.9262323,27.38279966,24,8,adv. EYTBW5IR 03,323,1,5,323,90,7.46875067,0.48916108,0.41952624,0.4006509,107
-109.9262486,27.38279966,24,9,adv. EYTBW5IR 03,322,1,5,322,90,7.16071464,0.51436187,0.44672033,0.43674703,101
-109.9262649,27.38279966,24,10,adv. EYTBW5IR 03,321,1,5,321,95,7.70982161,0.48645088,0.41679721,0.38154771,99
-109.9262811,27.38279966,24,11,adv. EYTBW5IR 03,320,1,4,320,95,7.34375058,0.5224734,0.47328116,0.43198296,110
-109.9262974,27.38279966,24,12,adv. EYTBW5IR 03,319,1,4,319,95,7.76785755,0.46031873,0.38134624,0.41611479,112
-109.9263137,27.38279966,24,13,adv. EYTBW5IR 03,318,1,4,318,90,7.86160752,0.46122234,0.40736597,0.40740733,114
-109.92633,27.38279966,24,14,adv. EYTBW5IR 03,317,1,4,317,90,7.20089349,0.47240163,0.3991584,0.42142979,107
-109.9263462,27.38279966,24,15,adv. EYTBW5IR 03,316,1,4,316,90,7.72321446,0.47299876,0.38717765,0.4046158,110
-109.9263625,27.38279966,24,16,adv.EYTBW5IR 10,1075,3,3,1018,90,6.96875054,0.48010437,0.38683046,0.38936371,109
-109.9263788,27.38279965,24,17,adv.EYTBW5IR 10,1074,3,3,1025,95,7.08035775,0.51003371,0.42856357,0.42814951,108
-109.9263951,27.38279965,24,18,adv.EYTBW5IR 10,1073,3,3,1030,95,6.9955369,0.46657748,0.40618374,0.40618214,113
-109.9264113,27.38279965,24,19,adv.EYTBW5IR 10,1072,3,3,1028,95,7.42857184,0.47076049,0.40742623,0.39846024,112
-109.9264276,27.38279965,24,20,adv.EYTBW5IR 10,1071,3,3,1024,95,7.24107172,0.48579969,0.42185707,0.39527272,104
-109.9264439,27.38279965,24,21,adv.EYTBW5IR 10,1070,3,2,1015,95,8.24107145,0.50182175,0.41967573,0.4004798,109
-109.9264601,27.38279965,24,22,adv.EYTBW5IR 10,1069,3,2,1004,95,7.76339312,0.49750914,0.42977004,0.40678702,112
-109.9264764,27.38279965,24,23,adv.EYTBW5IR 10,1068,3,2,1021,95,8.01785763,0.4850581,0.40120383,0.39827085,111
-109.9264927,27.38279965,24,24,adv.EYTBW5IR 10,1067,3,2,1017,95,7.26339351,0.47529844,0.39267886,0.41101203,110
-109.926509,27.38279965,24,25,adv.EYTBW5IR 10,1066,3,2,1008,95,7.50446424,0.51757483,0.41441501,0.40612851,109
-109.9265252,27.38279965,24,26,adv.EYTBW5IR 10,1065,3,1,1020,95,7.4285716,0.52138555,0.44446979,0.4026703,103
-109.9265415,27.38279965,24,27,adv.EYTBW5IR 10,1064,3,1,1002,95,8.0848216,0.50288193,0.43871715,0.41948337,104
-109.9265578,27.38279965,24,28,adv.EYTBW5IR 10,1063,3,1,1013,95,8.24107139,0.48502166,0.40655878,0.388079,101
-109.926574,27.38279965,24,29,adv.EYTBW5IR 10,1062,3,1,1007,90,7.29017921,0.46106638,0.4057748,0.3703618,108
-109.9265903,27.38279965,24,30,adv.EYTBW5IR 10,1061,3,1,1014,95,7.94642942,0.49814972,0.39469259,0.39738407,113
-109.9261185,27.3828317,25,1,adv. EYTBW5IR 03,301,1,1,301,90,7.9553571,0.49038454,0.44420064,0.39404439,101
-109.9261348,27.3828317,25,2,adv. EYTBW5IR 03,302,1,1,302,95,7.1428574,0.500855,0.4484169,0.41366462,106
-109.9261511,27.3828317,25,3,adv. EYTBW5IR 03,303,1,1,303,95,8.3437507,0.44589666,0.40451521,0.38576633,100
-109.9261674,27.3828317,25,4,adv. EYTBW5IR 03,304,1,1,304,95,7.6205361,0.50974689,0.43630094,0.40800971,110
-109.9261836,27.3828317,25,5,adv. EYTBW5IR 03,305,1,1,305,95,7.67857113,0.48410455,0.43063824,0.3920237,107
-109.9261999,27.3828317,25,6,adv. EYTBW5IR 03,306,1,2,306,95,7.30803616,0.48702788,0.44086669,0.3883171,105
-109.9262162,27.3828317,25,7,adv. EYTBW5IR 03,307,1,2,307,95,7.19642919,0.48911797,0.44372432,0.41994487,100
-109.9262325,27.3828317,25,8,adv. EYTBW5IR 03,308,1,2,308,95,7.20535722,0.49175144,0.43753884,0.39673189,108
-109.9262487,27.3828317,25,9,adv. EYTBW5IR 03,309,1,2,309,95,7.51339325,0.50284255,0.40200759,0.41304452,104
-109.926265,27.3828317,25,10,adv. EYTBW5IR 03,310,1,2,310,95,7.69196428,0.47987448,0.42524272,0.38961096,112
-109.9262813,27.3828317,25,11,adv. EYTBW5IR 03,311,1,3,311,95,7.90625031,0.48464344,0.40611105,0.40062954,107
-109.9262975,27.3828317,25,12,adv. EYTBW5IR 03,312,1,3,312,95,7.92857134,0.46387026,0.40317149,0.42748898,107
-109.9263138,27.3828317,25,13,adv. EYTBW5IR 03,313,1,3,313,90,7.57589337,0.46413489,0.42223126,0.41043999,106
-109.9263301,27.3828317,25,14,adv. EYTBW5IR 03,314,1,3,314,90,7.4687504,0.48432145,0.4225522,0.41094073,106
-109.9263464,27.38283169,25,15,adv. EYTBW5IR 03,315,1,3,315,95,7.77232143,0.48363041,0.40408598,0.42172466,105
-109.9263626,27.38283169,25,16,adv.EYTBW5IR 10,1076,3,4,1023,95,5.75223269,0.48846521,0.42969898,0.4028969,105
-109.9263789,27.38283169,25,17,adv.EYTBW5IR 10,1077,3,4,1012,95,7.70089336,0.4727148,0.3866423,0.39864608,109
-109.9263952,27.38283169,25,18,adv.EYTBW5IR 10,1078,3,4,1019,90,7.55803657,0.51071105,0.44212329,0.43206473,109
-109.9264114,27.38283169,25,19,adv.EYTBW5IR 10,1079,3,4,1026,95,7.07142978,0.46780793,0.40859932,0.4009216,110
-109.9264277,27.38283169,25,20,adv.EYTBW5IR 10,1080,3,4,1003,95,7.5044649,0.50022107,0.4160082,0.39430763,105
-109.926444,27.38283169,25,21,adv.EYTBW5IR 10,1081,3,5,1009,95,6.89732127,0.4854353,0.41637615,0.42272172,113
-109.9264603,27.38283169,25,22,adv.EYTBW5IR 10,1082,3,5,1005,95,8.01785715,0.48109629,0.41601513,0.41160579,109
-109.9264765,27.38283169,25,23,adv.EYTBW5IR 10,1083,3,5,1016,95,7.79910748,0.48320376,0.42439914,0.40510919,102
-109.9264928,27.38283169,25,24,adv.EYTBW5IR 10,1084,3,5,1027,95,7.38839381,0.4862807,0.40420905,0.40428215,102
-109.9265091,27.38283169,25,25,adv.EYTBW5IR 10,1085,3,5,1010,95,7.2053573,0.48403038,0.42451615,0.40832388,116
-109.9265253,27.38283169,25,26,adv.EYTBW5IR 10,1086,3,6,1001,95,7.7410713,0.50912683,0.41639981,0.39844197,116
-109.9265416,27.38283169,25,27,adv.EYTBW5IR 10,1087,3,6,1022,95,7.41071466,0.45124418,0.39286635,0.40154225,100
-109.9265579,27.38283169,25,28,adv.EYTBW5IR 10,1088,3,6,1029,95,8.90178687,0.47369878,0.39842923,0.39782684,99
-109.9265742,27.38283169,25,29,adv.EYTBW5IR 10,1089,3,6,1011,95,7.25892933,0.50281066,0.40988648,0.41087098,106
-109.9265904,27.38283169,25,30,adv.EYTBW5IR 10,1090,3,6,1006,95,7.45982118,0.4703688,0.37716157,0.37762744,110
-109.9261187,27.38286374,26,1,adv. EYTBW5IR 02,290,3,6,206,90,7.66964318,0.47860549,0.43175441,0.39407759,106
-109.9261349,27.38286374,26,2,adv. EYTBW5IR 02,289,3,6,211,90,7.03125033,0.48713978,0.45071243,0.41271765,126
-109.9261512,27.38286374,26,3,adv. EYTBW5IR 02,288,3,6,229,90,6.76339387,0.48618514,0.45199792,0.40358544,108
-109.9261675,27.38286374,26,4,adv. EYTBW5IR 02,287,3,6,222,90,7.27678666,0.47881564,0.41900402,0.39477199,110
-109.9261838,27.38286374,26,5,adv. EYTBW5IR 02,286,3,6,201,90,8.3169643,0.50661574,0.42294594,0.40151525,110
-109.9262,27.38286374,26,6,adv. EYTBW5IR 02,285,3,5,210,90,7.6651793,0.50696628,0.47242248,0.42021307,106
-109.9262163,27.38286374,26,7,adv. EYTBW5IR 02,284,3,5,227,90,7.61160781,0.49805978,0.44567624,0.42874504,106
-109.9262326,27.38286374,26,8,adv. EYTBW5IR 02,283,3,5,216,90,8.04910748,0.47461667,0.42458643,0.3914853,111
-109.9262488,27.38286374,26,9,adv. EYTBW5IR 02,282,3,5,205,90,7.15625015,0.48172732,0.41461996,0.40662384,107
-109.9262651,27.38286374,26,10,adv. EYTBW5IR 02,281,3,5,209,90,7.85267927,0.49593093,0.42206997,0.43153367,107
-109.9262814,27.38286374,26,11,adv. EYTBW5IR 02,280,3,4,203,90,8.0848219,0.46862552,0.39188356,0.37994071,109
-109.9262977,27.38286374,26,12,adv. EYTBW5IR 02,279,3,4,226,90,8.15625078,0.48388335,0.41832796,0.42462883,100
-109.9263139,27.38286373,26,13,adv. EYTBW5IR 02,278,3,4,219,90,8.28125057,0.45436384,0.39790171,0.39407267,115
-109.9263302,27.38286373,26,14,adv. EYTBW5IR 02,277,3,4,212,90,7.16071436,0.48885525,0.43234522,0.42262419,119
-109.9263465,27.38286373,26,15,adv. EYTBW5IR 02,276,3,4,223,95,8.12500069,0.52640959,0.43282585,0.43720584,104
-109.9261188,27.38289578,27,1,adv. EYTBW5IR 02,261,3,1,214,95,8.19642942,0.45969935,0.40836848,0.38899329,115
-109.9261351,27.38289578,27,2,adv. EYTBW5IR 02,262,3,1,207,95,7.70089321,0.49646351,0.43652372,0.40215893,110
-109.9261513,27.38289578,27,3,adv. EYTBW5IR 02,263,3,1,213,95,7.62946439,0.45597025,0.39377095,0.38291693,114
-109.9261676,27.38289578,27,4,adv. EYTBW5IR 02,264,3,1,202,95,7.3303576,0.5024074,0.4410033,0.4138192,111
-109.9261839,27.38289578,27,5,adv. EYTBW5IR 02,265,3,1,220,95,8.2901796,0.46675406,0.42736868,0.40013041,109
-109.9262001,27.38289578,27,6,adv. EYTBW5IR 02,266,3,2,208,95,7.99553624,0.49094712,0.44779074,0.44042281,104
-109.9262164,27.38289578,27,7,adv. EYTBW5IR 02,267,3,2,217,95,7.68303651,0.44884583,0.42684273,0.3861465,100
-109.9262327,27.38289578,27,8,adv. EYTBW5IR 02,268,3,2,221,90,7.31250063,0.46633153,0.42904488,0.3820698,106
-109.926249,27.38289578,27,9,adv. EYTBW5IR 02,269,3,2,204,95,7.53125012,0.49547277,0.44227422,0.40311593,110
-109.9262652,27.38289578,27,10,adv. EYTBW5IR 02,270,3,2,215,95,7.97767945,0.48987709,0.43148115,0.39528635,100
-109.9262815,27.38289578,27,11,adv. EYTBW5IR 02,271,3,3,224,100,7.22321472,0.49032776,0.43471809,0.40655719,114
-109.9262978,27.38289577,27,12,adv. EYTBW5IR 02,272,3,3,228,92,7.80803684,0.47533236,0.41468044,0.39776554,108
-109.926314,27.38289577,27,13,adv. EYTBW5IR 02,273,3,3,230,95,7.6116079,0.48021898,0.4149224,0.39341831,109
-109.9263303,27.38289577,27,14,adv. EYTBW5IR 02,274,3,3,225,95,7.87500075,0.4859187,0.3945392,0.38882798,119
-109.9263466,27.38289577,27,15,adv. EYTBW5IR 02,275,3,3,218,95,7.99107154,0.48536302,0.40820025,0.42430423,107
-109.9261189,27.38292782,28,1,adv. EYTBW5IR 02,260,2,6,218,95,7.28571453,0.50079442,0.44591383,0.41575715,110
-109.9261352,27.38292782,28,2,adv. EYTBW5IR 02,259,2,6,224,95,7.04017971,0.48000052,0.44688538,0.40644457,113
-109.9261514,27.38292782,28,3,adv. EYTBW5IR 02,258,2,6,208,95,7.36607123,0.49188049,0.44342269,0.43509278,110
-109.9261677,27.38292782,28,4,adv. EYTBW5IR 02,257,2,6,230,95,7.52678689,0.48684372,0.43513454,0.41177704,108
-109.926184,27.38292782,28,5,adv. EYTBW5IR 02,256,2,6,211,95,7.41964332,0.50965508,0.46213759,0.42583464,126
-109.9262003,27.38292782,28,6,adv. EYTBW5IR 02,255,2,5,209,95,7.82589326,0.49704057,0.44719335,0.43963587,107
-109.9262165,27.38292782,28,7,adv. EYTBW5IR 02,254,2,5,203,95,7.5937508,0.46375692,0.413385,0.39105304,100
-109.9262328,27.38292782,28,8,adv. EYTBW5IR 02,253,2,5,225,90,7.88839374,0.47990326,0.41876012,0.3999303,117
-109.9262491,27.38292782,28,9,adv. EYTBW5IR 02,252,2,5,220,95,8.13839359,0.47213685,0.41997086,0.40272967,111
-109.9262653,27.38292781,28,10,adv. EYTBW5IR 02,251,2,5,222,95,7.81250065,0.47569513,0.42185839,0.39395745,110
-109.9262816,27.38292781,28,11,adv. EYTBW5IR 02,250,2,4,229,90,7.86607186,0.48473226,0.43427755,0.40131545,102
-109.9262979,27.38292781,28,12,adv. EYTBW5IR 02,249,2,4,207,90,6.4620542,0.50051912,0.43387827,0.41405448,101
-109.9263142,27.38292781,28,13,adv. EYTBW5IR 02,248,2,4,201,90,8.2455362,0.48497229,0.41832793,0.38641389,108
-109.9263304,27.38292781,28,14,adv. EYTBW5IR 02,247,2,4,219,95,8.10714356,0.47743462,0.40940337,0.39906867,115
-109.9263467,27.38292781,28,15,adv. EYTBW5IR 02,246,2,4,204,95,7.12053611,0.48889263,0.41867434,0.40113104,110
-109.926119,27.38295986,29,1,adv. EYTBW5IR 02,231,2,1,227,95,7.3303578,0.49355124,0.4475645,0.41353562,106
-109.9261353,27.38295986,29,2,adv. EYTBW5IR 02,232,2,1,210,95,7.52678629,0.49675449,0.44801749,0.41637958,104
-109.9261516,27.38295986,29,3,adv. EYTBW5IR 02,233,2,1,202,95,7.2544645,0.49610345,0.45184544,0.41881487,97
-109.9261678,27.38295986,29,4,adv. EYTBW5IR 02,234,2,1,215,90,7.87946444,0.49033274,0.44079181,0.40520703,114
-109.9261841,27.38295986,29,5,adv. EYTBW5IR 02,235,2,1,212,95,6.93303635,0.51447379,0.46264303,0.43061439,119
-109.9262004,27.38295986,29,6,adv. EYTBW5IR 02,236,2,2,217,95,7.0937505,0.47391235,0.41916304,0.38495163,108
-109.9262166,27.38295986,29,7,adv. EYTBW5IR 02,237,2,2,223,95,8.00000068,0.513239,0.46828185,0.43621931,103
-109.9262329,27.38295985,29,8,adv. EYTBW5IR 02,238,2,2,206,95,8.20535717,0.48438893,0.41986204,0.40109065,106
-109.9262492,27.38295985,29,9,adv. EYTBW5IR 02,239,2,2,228,95,7.40625083,0.47685772,0.42092949,0.40235819,113
-109.9262655,27.38295985,29,10,adv. EYTBW5IR 02,240,2,2,205,95,7.79464314,0.4856582,0.42603169,0.3896148,107
-109.9262817,27.38295985,29,11,adv. EYTBW5IR 02,241,2,3,213,85,8.17410738,0.43881084,0.37356223,0.37528791,110
-109.926298,27.38295985,29,12,adv. EYTBW5IR 02,242,2,3,214,85,8.75446441,0.4495615,0.39272978,0.38842906,114
-109.9263143,27.38295985,29,13,adv. EYTBW5IR 02,243,2,3,221,95,7.57589362,0.45747959,0.40149153,0.37644837,114
-109.9263306,27.38295985,29,14,adv. EYTBW5IR 02,244,2,3,216,95,7.75446447,0.48745009,0.40876184,0.38281607,101
-109.9263468,27.38295985,29,15,adv. EYTBW5IR 02,245,2,3,226,95,7.70535777,0.48288405,0.41512847,0.42654035,111
-109.9261191,27.3829919,30,1,adv. EYTBW5IR 02,230,1,6,230,95,7.36160788,0.49312371,0.44237704,0.39955996,101
-109.9261354,27.3829919,30,2,adv. EYTBW5IR 02,229,1,6,229,95,6.92410785,0.49272169,0.43250418,0.39746231,101
-109.9261517,27.3829919,30,3,adv. EYTBW5IR 02,228,1,6,228,90,7.64285782,0.47385808,0.43955469,0.39576236,107
-109.926168,27.3829919,30,4,adv. EYTBW5IR 02,227,1,6,227,95,6.84375079,0.48698711,0.43263358,0.41570929,103
-109.9261842,27.3829919,30,5,adv. EYTBW5IR 02,226,1,6,226,95,6.93303676,0.48320376,0.43443018,0.41776186,99
-109.9262005,27.38299189,30,6,adv. EYTBW5IR 02,225,1,5,225,95,7.66964373,0.47643766,0.43658621,0.39911275,115
-109.9262168,27.38299189,30,7,adv. EYTBW5IR 02,224,1,5,224,95,7.2366077,0.48124833,0.44280861,0.40370746,113
-109.926233,27.38299189,30,8,adv. EYTBW5IR 02,223,1,5,223,95,7.31696467,0.51768193,0.45292607,0.43561778,103
-109.9262493,27.38299189,30,9,adv. EYTBW5IR 02,222,1,5,222,95,7.67857164,0.47390502,0.43248226,0.39277586,108
-109.9262656,27.38299189,30,10,adv. EYTBW5IR 02,221,1,5,221,95,7.04017961,0.46769137,0.43495255,0.38700257,110
-109.9262819,27.38299189,30,11,adv. EYTBW5IR 02,220,1,4,220,85,8.20535758,0.4806477,0.43825909,0.39160234,109
-109.9262981,27.38299189,30,12,adv. EYTBW5IR 02,219,1,4,219,85,8.15625055,0.4773094,0.41925351,0.39984794,108
-109.9263144,27.38299189,30,13,adv. EYTBW5IR 02,218,1,4,218,95,7.35267952,0.48219022,0.43707044,0.41671959,107
-109.9263307,27.38299189,30,14,adv. EYTBW5IR 02,217,1,4,217,95,6.48883949,0.47256746,0.42092306,0.37397811,108
-109.9263469,27.38299189,30,15,adv. EYTBW5IR 02,216,1,4,216,90,7.42410746,0.51485196,0.4170511,0.3857225,103
-109.9261193,27.38302394,31,1,adv. EYTBW5IR 02,201,1,1,201,95,8.2633931,0.49734366,0.43356214,0.39013948,109
-109.9261355,27.38302394,31,2,adv. EYTBW5IR 02,202,1,1,202,95,6.9107144,0.50268678,0.44980947,0.41063193,97
-109.9261518,27.38302394,31,3,adv. EYTBW5IR 02,203,1,1,203,95,7.3526797,0.45842266,0.40904114,0.37908961,101
-109.9261681,27.38302393,31,4,adv. EYTBW5IR 02,204,1,1,204,95,7.1562501,0.49614427,0.41948609,0.39932031,103
-109.9261843,27.38302393,31,5,adv. EYTBW5IR 02,205,1,1,205,85,7.58928613,0.49094305,0.41214386,0.39524857,107
-109.9262006,27.38302393,31,6,adv. EYTBW5IR 02,206,1,2,206,95,7.56696416,0.48283318,0.41957268,0.3997042,97
-109.9262169,27.38302393,31,7,adv. EYTBW5IR 02,207,1,2,207,95,7.01785719,0.49774577,0.41548179,0.40937021,107
-109.9262332,27.38302393,31,8,adv. EYTBW5IR 02,208,1,2,208,95,7.42410722,0.4879048,0.44443113,0.43013556,110
-109.9262494,27.38302393,31,9,adv. EYTBW5IR 02,209,1,2,209,95,7.50000025,0.49148266,0.45405916,0.42904585,105
-109.9262657,27.38302393,31,10,adv. EYTBW5IR 02,210,1,2,210,95,7.48660728,0.46892217,0.46611109,0.40245603,106
-109.926282,27.38302393,31,11,adv. EYTBW5IR 02,211,1,3,211,90,8.01339331,0.49279185,0.47272458,0.41778883,126
-109.9262982,27.38302393,31,12,adv. EYTBW5IR 02,212,1,3,212,90,7.43303634,0.50880431,0.46337469,0.42436946,119
-109.9263145,27.38302393,31,13,adv. EYTBW5IR 02,213,1,3,213,90,7.79464337,0.44866478,0.40740046,0.37969163,110
-109.9263308,27.38302393,31,14,adv. EYTBW5IR 02,214,1,3,214,95,7.9151794,0.45236595,0.3975863,0.38643681,100
-109.9263471,27.38302393,31,15,adv. EYTBW5IR 02,215,1,3,215,85,7.33035743,0.48465285,0.41558133,0.37701314,114
-109.9261194,27.38305598,32,1,adv. EYTBW5IR 01,190,3,6,106,95,8.39732118,0.48554154,0.43744072,0.4074339,102
-109.9261356,27.38305597,32,2,adv. EYTBW5IR 01,189,3,6,111,95,6.68973233,0.50996864,0.4562073,0.43505447,92
-109.9261519,27.38305597,32,3,adv. EYTBW5IR 01,188,3,6,129,95,7.89285787,0.48020707,0.44124727,0.40615861,100
-109.9261682,27.38305597,32,4,adv. EYTBW5IR 01,187,3,6,122,95,7.47321466,0.48990446,0.43227169,0.41908622,112
-109.9261845,27.38305597,32,5,adv. EYTBW5IR 01,186,3,6,101,85,8.2098213,0.49787059,0.42545649,0.40046194,100
-109.9262007,27.38305597,32,6,adv. EYTBW5IR 01,185,3,5,110,90,7.4375003,0.49091299,0.44859222,0.41810907,102
-109.926217,27.38305597,32,7,adv. EYTBW5IR 01,184,3,5,127,95,7.45982181,0.47412103,0.44318122,0.41161249,108
-109.9262333,27.38305597,32,8,adv. EYTBW5IR 01,183,3,5,116,95,7.90625048,0.49614924,0.43211797,0.40373357,104
-109.9262495,27.38305597,32,9,adv. EYTBW5IR 01,182,3,5,105,95,7.99107115,0.4965644,0.44120353,0.43067907,101
-109.9262658,27.38305597,32,10,adv. EYTBW5IR 01,181,3,5,109,95,7.72767927,0.47413317,0.41894226,0.39282104,101
-109.9262821,27.38305597,32,11,adv. EYTBW5IR 01,180,3,4,103,90,8.7767869,0.47681603,0.43754822,0.40137013,105
-109.9262984,27.38305597,32,12,adv. EYTBW5IR 01,179,3,4,126,90,7.89732178,0.50034523,0.46853862,0.42442978,94
-109.9263146,27.38305597,32,13,adv. EYTBW5IR 01,178,3,4,119,85,7.21875057,0.46047557,0.39588268,0.40800333,109
-109.9263309,27.38305597,32,14,adv. EYTBW5IR 01,177,3,4,112,75,7.86607136,0.52601996,0.44783112,0.42362707,101
-109.9263472,27.38305597,32,15,adv. EYTBW5IR 01,176,3,4,123,95,8.07142969,0.49902768,0.4253118,0.41896211,106
-109.9261195,27.38308801,33,1,adv. EYTBW5IR 01,161,3,1,114,95,7.31250042,0.47552607,0.42459893,0.38625298,100
-109.9261358,27.38308801,33,2,adv. EYTBW5IR 01,162,3,1,107,95,7.32142921,0.50529228,0.4541508,0.40743954,95
-109.926152,27.38308801,33,3,adv. EYTBW5IR 01,163,3,1,113,95,7.19196439,0.47222657,0.42797284,0.41313607,99
-109.9261683,27.38308801,33,4,adv. EYTBW5IR 01,164,3,1,102,95,7.1160716,0.49003298,0.43394474,0.40747544,99
-109.9261846,27.38308801,33,5,adv. EYTBW5IR 01,165,3,1,120,90,6.4263396,0.44774766,0.40178446,0.39733444,100
-109.9262008,27.38308801,33,6,adv. EYTBW5IR 01,166,3,2,108,95,6.56919624,0.45706607,0.39569301,0.38992815,96
-109.9262171,27.38308801,33,7,adv. EYTBW5IR 01,167,3,2,117,95,7.33035751,0.4838529,0.4366658,0.39852659,100
-109.9262334,27.38308801,33,8,adv. EYTBW5IR 01,168,3,2,121,95,7.37053663,0.47094869,0.42988963,0.39851274,100
-109.9262497,27.38308801,33,9,adv. EYTBW5IR 01,169,3,2,104,95,8.06696412,0.44616712,0.39229976,0.39852212,106
-109.9262659,27.38308801,33,10,adv. EYTBW5IR 01,170,3,2,115,95,7.91071445,0.50460778,0.45477267,0.41082067,103
-109.9262822,27.38308801,33,11,adv. EYTBW5IR 01,171,3,3,124,95,7.75892972,0.48036581,0.41956025,0.39377749,110
-109.9262985,27.38308801,33,12,adv. EYTBW5IR 01,172,3,3,128,95,7.80357184,0.49978947,0.43263716,0.43255066,100
-109.9263147,27.38308801,33,13,adv. EYTBW5IR 01,173,3,3,130,90,7.0580369,0.41118624,0.37421368,0.37630613,100
-109.926331,27.38308801,33,14,adv. EYTBW5IR 01,174,3,3,125,95,7.20089375,0.45267533,0.39575443,0.38024626,104
-109.9263473,27.38308801,33,15,adv. EYTBW5IR 01,175,3,3,118,95,7.43303654,0.46924668,0.43520024,0.38607176,99
-109.9261196,27.38312005,34,1,adv. EYTBW5IR 01,160,2,6,118,95,7.12053653,0.47328282,0.43300962,0.38239225,101
-109.9261359,27.38312005,34,2,adv. EYTBW5IR 01,159,2,6,124,95,6.60714371,0.4774978,0.41817245,0.39606114,107
-109.9261521,27.38312005,34,3,adv. EYTBW5IR 01,158,2,6,108,95,6.66964323,0.4501408,0.40922153,0.39026895,101
-109.9261684,27.38312005,34,4,adv. EYTBW5IR 01,157,2,6,130,95,6.91964389,0.43241875,0.3602183,0.38194015,100
-109.9261847,27.38312005,34,5,adv. EYTBW5IR 01,156,2,6,111,95,7.04017932,0.50615821,0.44998099,0.4142501,91
-109.926201,27.38312005,34,6,adv. EYTBW5IR 01,155,2,5,109,95,7.12053626,0.47809081,0.43089874,0.40104352,102
-109.9262172,27.38312005,34,7,adv. EYTBW5IR 01,154,2,5,103,95,7.3928578,0.46729337,0.41388041,0.3958918,102
-109.9262335,27.38312005,34,8,adv. EYTBW5IR 01,153,2,5,125,95,6.95982174,0.45272175,0.39290892,0.37532198,102
-109.9262498,27.38312005,34,9,adv. EYTBW5IR 01,152,2,5,120,95,6.95535759,0.43190248,0.40635554,0.40894981,103
-109.9262661,27.38312005,34,10,adv. EYTBW5IR 01,151,2,5,122,95,7.71428665,0.49706981,0.42457141,0.42331492,119
-109.9262823,27.38312005,34,11,adv. EYTBW5IR 01,150,2,4,129,90,7.81250086,0.50551529,0.42155774,0.40346653,101
-109.9262986,27.38312005,34,12,adv. EYTBW5IR 01,149,2,4,107,95,3.4531252,0.4983969,0.4827562,0.42247811,97
-109.9263149,27.38312005,34,13,adv. EYTBW5IR 01,148,2,4,101,90,7.1026792,0.48669225,0.42110723,0.39077405,100
-109.9263311,27.38312005,34,14,adv. EYTBW5IR 01,147,2,4,119,90,6.64732156,0.46693109,0.38188454,0.40717951,106
-109.9263474,27.38312005,34,15,adv. EYTBW5IR 01,146,2,4,104,95,7.88839311,0.44685955,0.36894226,0.39260518,98
-109.9261197,27.38315209,35,1,adv. EYTBW5IR 01,131,2,1,127,70,7.0669648,0.50483733,0.4360186,0.40309994,110
-109.926136,27.38315209,35,2,adv. EYTBW5IR 01,132,2,1,110,85,7.50892929,0.49879734,0.43880871,0.39691881,102
-109.9261523,27.38315209,35,3,adv. EYTBW5IR 01,133,2,1,102,90,6.9955365,0.50303275,0.44001563,0.40785032,100
-109.9261685,27.38315209,35,4,adv. EYTBW5IR 01,134,2,1,115,95,7.46428644,0.51395563,0.44563046,0.41891679,100
-109.9261848,27.38315209,35,5,adv. EYTBW5IR 01,135,2,1,112,95,7.62946435,0.50467985,0.46109287,0.42173248,101
-109.9262011,27.38315209,35,6,adv. EYTBW5IR 01,136,2,2,117,95,7.2500005,0.48984383,0.44381094,0.39418258,106
-109.9262174,27.38315209,35,7,adv. EYTBW5IR 01,137,2,2,123,95,7.98214368,0.48807514,0.45037426,0.41564978,103
-109.9262336,27.38315209,35,8,adv. EYTBW5IR 01,138,2,2,106,95,8.17410717,0.47409827,0.42840584,0.40142779,100
-109.9262499,27.38315209,35,9,adv. EYTBW5IR 01,139,2,2,128,95,7.29017983,0.49802612,0.44239692,0.42727976,103
-109.9262662,27.38315209,35,10,adv. EYTBW5IR 01,140,2,2,105,95,7.85714314,0.49471966,0.42956415,0.41723962,107
-109.9262824,27.38315209,35,11,adv. EYTBW5IR 01,141,2,3,113,95,7.80357138,0.47902555,0.4221477,0.41790568,105
-109.9262987,27.38315209,35,12,adv. EYTBW5IR 01,142,2,3,114,95,6.66964341,0.44309528,0.39789308,0.41025099,100
-109.926315,27.38315209,35,13,adv. EYTBW5IR 01,143,2,3,121,95,7.84375062,0.49361917,0.44195891,0.40641792,100
-109.9263313,27.38315208,35,14,adv. EYTBW5IR 01,144,2,3,116,95,8.20982147,0.48430209,0.42878193,0.38619159,90
-109.9263475,27.38315208,35,15,adv. EYTBW5IR 01,145,2,3,126,90,7.26785777,0.51179843,0.43169106,0.41355888,105
-109.9261198,27.38318413,36,1,adv. EYTBW5IR 01,130,1,6,130,60,6.81696488,0.45754622,0.38695055,0.38173068,100
-109.9261361,27.38318413,36,2,adv. EYTBW5IR 01,129,1,6,129,85,7.56250085,0.50473122,0.43682238,0.40724713,100
-109.9261524,27.38318413,36,3,adv. EYTBW5IR 01,128,1,6,128,95,7.03125082,0.5071249,0.45802349,0.42404911,103
-109.9261687,27.38318413,36,4,adv. EYTBW5IR 01,127,1,6,127,95,6.84375079,0.49098017,0.42726193,0.41018536,108
-109.9261849,27.38318413,36,5,adv. EYTBW5IR 01,126,1,6,126,95,7.42857176,0.50119729,0.45781589,0.42338982,105
-109.9262012,27.38318413,36,6,adv. EYTBW5IR 01,125,1,5,125,95,6.94196473,0.47603708,0.40604911,0.38324012,104
-109.9262175,27.38318413,36,7,adv. EYTBW5IR 01,124,1,5,124,95,7.2410717,0.48803706,0.4319259,0.39716261,102
-109.9262337,27.38318413,36,8,adv. EYTBW5IR 01,123,1,5,123,95,6.31696467,0.49215668,0.4458969,0.41801296,106
-109.92625,27.38318413,36,9,adv. EYTBW5IR 01,122,1,5,122,95,7.97321464,0.48781,0.42251203,0.40929024,119
-109.9262663,27.38318413,36,10,adv. EYTBW5IR 01,121,1,5,121,90,7.51339361,0.49585906,0.43149851,0.40643055,103
-109.9262826,27.38318413,36,11,adv. EYTBW5IR 01,120,1,4,120,90,6.65848258,0.45892077,0.37832652,0.4018452,103
-109.9262988,27.38318412,36,12,adv. EYTBW5IR 01,119,1,4,119,90,6.68973255,0.4653473,0.37819113,0.41563667,109
-109.9263151,27.38318412,36,13,adv. EYTBW5IR 01,118,1,4,118,80,6.39732152,0.47440664,0.43338462,0.3846379,101
-109.9263314,27.38318412,36,14,adv. EYTBW5IR 01,117,1,4,117,85,7.35714349,0.49456657,0.41397821,0.39362301,106
-109.9263476,27.38318412,36,15,adv. EYTBW5IR 01,116,1,4,116,90,7.38392946,0.4673367,0.41554395,0.3977988,104
-109.92612,27.38321617,37,1,adv. EYTBW5IR 01,101,1,1,101,85,7.4821431,0.51535458,0.4284563,0.39978052,104
-109.9261362,27.38321617,37,2,adv. EYTBW5IR 01,102,1,1,102,95,7.4553574,0.52028049,0.45973637,0.41824349,100
-109.9261525,27.38321617,37,3,adv. EYTBW5IR 01,103,1,1,103,95,7.8839297,0.49384393,0.42787423,0.39837497,102
-109.9261688,27.38321617,37,4,adv. EYTBW5IR 01,104,1,1,104,95,7.9598211,0.47521934,0.41123107,0.39902626,106
-109.926185,27.38321617,37,5,adv. EYTBW5IR 01,105,1,1,105,95,7.04910713,0.50190209,0.45891534,0.42695558,101
-109.9262013,27.38321617,37,6,adv. EYTBW5IR 01,106,1,2,106,95,7.85267916,0.48943318,0.43908468,0.41427594,102
-109.9262176,27.38321617,37,7,adv. EYTBW5IR 01,107,1,2,107,95,7.61607119,0.4941261,0.44417624,0.40309513,97
-109.9262339,27.38321617,37,8,adv. EYTBW5IR 01,108,1,2,108,95,6.61160722,0.450925,0.40212945,0.38749198,96
-109.9262501,27.38321617,37,9,adv. EYTBW5IR 01,109,1,2,109,95,7.37946425,0.45799741,0.40196963,0.38659234,90
-109.9262664,27.38321616,37,10,adv. EYTBW5IR 01,110,1,2,110,95,7.54910728,0.47373298,0.40784635,0.39471593,98
-109.9262827,27.38321616,37,11,adv. EYTBW5IR 01,111,1,3,111,95,7.45982131,0.48943584,0.46360409,0.41189902,91
-109.9262989,27.38321616,37,12,adv. EYTBW5IR 01,112,1,3,112,90,7.62946434,0.50388126,0.45566096,0.42040556,99
-109.9263152,27.38321616,37,13,adv. EYTBW5IR 01,113,1,3,113,90,7.08928637,0.47344447,0.4259751,0.40787152,105
-109.9263315,27.38321616,37,14,adv. EYTBW5IR 01,114,1,3,114,95,7.6473214,0.46682104,0.40156903,0.38814951,104
-109.9263478,27.38321616,37,15,adv. EYTBW5IR 01,115,1,3,115,95,7.29464343,0.50225666,0.44867305,0.42056876,103
